rank,disease_id,disease_name,n_targets,max_score,mean_score,targets,map_method,map_via,is_broader,primekg_x_id,primekg_x_index,primekg_name,n_matches,supporting_pathways,evidence_types,txgnn_rank,txgnn_score_source,txgnn_best_drug,txgnn_contra_rank,txgnn_known_in_kg,txgnn_score_raw,txgnn_top_pct
1,EFO_0000612,myocardial infarction,1,0.77,0.77,LTB4R,mondo_xref,MONDO:5068,False,5068,37180,myocardial infarction (disease),1,G alpha (q) signalling events; Leukotriene receptors,literature,193.0,query,Sorafenib,,no,-11.998526573181152,2.42553726278748
2,MONDO_0008170,ovarian cancer,3,1.0,0.8733333333333334,CDC50A;HASPIN;MLNR,mondo_direct,MONDO_0008170,False,8170,31477,ovarian cancer,1,G alpha (q) signalling events; Neutrophil degranulation; Peptide ligand-binding receptors,"affected_pathway, literature",396.0,query,Sorafenib,,no,-12.146514892578123,4.97675003141887
3,EFO_0000341,chronic obstructive pulmonary disease,1,0.49,0.49,LTB4R,mondo_xref,MONDO:5002,False,5002,37617,chronic obstructive pulmonary disease,1,G alpha (q) signalling events; Leukotriene receptors,"known_drug, literature",427.0,query,Sorafenib,,no,-11.688295364379885,5.366344099535
4,MONDO_0004992,cancer,3,0.65,0.5166666666666667,HASPIN;LTB4R;LTB4R2,mondo_direct,MONDO_0004992,False,4992,35612,cancer,1,G alpha (q) signalling events; Leukotriene receptors,literature,446.0,query,Sorafenib,,no,-5.901970863342285,5.60512756063843
5,MONDO_0013284,"immunodeficiency, common variable, 4",1,0.4657,0.4657,LTB4R,mondo_direct,MONDO_0013284,False,13285_9413_13286_13283_13284_11864_14697_14260_13862_54691,27188,"immunodeficiency, common variable",1,G alpha (q) signalling events; Leukotriene receptors,animal_model,446.0,query,Sorafenib,,no,-12.378104209899902,5.60512756063843
6,MONDO_0004986,urinary bladder carcinoma,1,1.0,1.0,HASPIN,mondo_direct,MONDO_0004986,False,4986,33642,urinary bladder carcinoma,1,,literature,490.0,query,Sorafenib,,no,-11.123098373413086,6.158099786351641
7,EFO_0000182,hepatocellular carcinoma,1,1.0,1.0,LTB4R2,mondo_xref,MONDO:7256,False,7256_18902_16216_3243,29646,hepatocellular carcinoma,1,G alpha (q) signalling events; Leukotriene receptors,literature,546.0,query,Sorafenib,,yes,-11.072643280029297,6.86188261907754
8,EFO_1001951,colorectal carcinoma,1,1.0,1.0,LTB4R,mondo_xref,MONDO:24331,False,24331,36480,colorectal carcinoma,1,G alpha (q) signalling events; Leukotriene receptors,literature,553.0,query,Sorafenib,,no,-10.497673034667969,6.94985547316828
9,EFO_0005140,autoimmune disease,1,0.9585,0.9585,LTB4R,name_exact,autoimmune disease,False,7179,28478,autoimmune disease,1,G alpha (q) signalling events; Leukotriene receptors,"animal_model, literature",565.0,query,Sorafenib,,no,-9.48777675628662,7.10066608018097
10,MONDO_0013743,autosomal systemic lupus erythematosus type 16,1,0.6652,0.6652,LTB4R,mondo_direct,MONDO_0013743,False,13743,29221,autosomal systemic lupus erythematosus type 16,1,G alpha (q) signalling events; Leukotriene receptors,animal_model,566.0,query,Sorafenib,,no,-11.182659149169922,7.11323363076536
11,MONDO_0016462,isolated agammaglobulinemia,1,0.4966,0.4966,LTB4R,mondo_direct,MONDO_0016462,False,14083_13288_12987_13287_13289_20729_14840_13290_11096_16462_15977,27170,agammaglobulinemia,1,G alpha (q) signalling events; Leukotriene receptors,animal_model,650.0,query,Sorafenib,,no,-8.911904335021973,8.16890787985421
12,MONDO_0014083,"agammaglobulinemia 7, autosomal recessive",1,0.4808,0.4808,LTB4R,mondo_direct,MONDO_0014083,False,14083_13288_12987_13287_13289_20729_14840_13290_11096_16462_15977,27170,agammaglobulinemia,1,G alpha (q) signalling events; Leukotriene receptors,animal_model,650.0,query,Sorafenib,,no,-8.911904335021973,8.16890787985421
13,EFO_0004255,nephrotic syndrome,1,0.4178,0.4178,LTB4R2,mondo_xref,MONDO:5377,False,5377,36604,nephrotic syndrome,1,G alpha (q) signalling events; Leukotriene receptors,animal_model,678.0,query,Sorafenib,,no,-7.997896194458008,8.52079929621716
14,EFO_0000699,Sjogren syndrome,1,0.4347999999999999,0.4347999999999999,LTB4R2,mondo_xref,MONDO:10030,False,10030,28764,Sjogren syndrome,1,G alpha (q) signalling events; Leukotriene receptors,animal_model,707.0,query,Sorafenib,,no,-10.992456436157228,8.88525826316451
15,MONDO_0009842,Pelger-Huet-like anomaly and episodic fever with abdominal pain,1,0.5204,0.5204,LTB4R,mondo_direct,MONDO_0009842,False,9842,30817,Pelger-Huet-like anomaly and episodic fever with abdominal pain,1,G alpha (q) signalling events; Leukotriene receptors,animal_model,727.0,query,Sorafenib,,no,-5.06660795211792,9.13660927485233
16,MONDO_0015009,lymphatic malformation 7,1,0.4121,0.4121,LTB4R2,mondo_direct,MONDO_0015009,False,15009,29509,"hydrops fetalis, nonimmune, and/or atrial septal defect, susceptibility to",1,G alpha (q) signalling events; Leukotriene receptors,animal_model,793.0,query,Sorafenib,,no,-4.971968650817871,9.96606761342214
17,MONDO_0007361,C1 inhibitor deficiency,1,0.9608,0.9608,LTB4R,mondo_direct,MONDO_0007361,False,7361,31159,C1 inhibitor deficiency,1,G alpha (q) signalling events; Leukotriene receptors,animal_model,799.0,query,Sorafenib,,no,-6.543622970581055,10.04147291692849
18,EFO_0007269,Felty's syndrome,2,0.603,0.5126499999999999,LTB4R;LTB4R2,mondo_xref,MONDO:7603,False,7603,30061,Felty syndrome,1,G alpha (q) signalling events; Leukotriene receptors,animal_model,820.0,query,Sorafenib,,no,-7.434422969818115,10.3053914792007
19,MONDO_0004975,Alzheimer disease,2,1.0,0.7625,HASPIN;LTB4R,mondo_direct,MONDO_0004975,False,11913_7088_11743_12153_7089_11194_12321_15140_4975_11561_11647_11777_12344_12609_12630_12631_14265_10422_14036_14316_100088,28780,Alzheimer disease,1,G alpha (q) signalling events; Leukotriene receptors,literature,850.0,query,Sorafenib,,no,-7.508612632751465,10.682417996732429
20,EFO_0007160,autoimmune thrombocytopenic purpura,1,0.5259,0.5259,LTB4R,mondo_xref,MONDO:8558,False,8558_19098,31511,autoimmune thrombocytopenic,1,G alpha (q) signalling events; Leukotriene receptors,animal_model,853.0,query,Sorafenib,,no,-9.666179656982422,10.720120648485612
21,MONDO_0015517,common variable immunodeficiency,1,0.483,0.483,LTB4R,mondo_direct,MONDO_0015517,False,15517,32587,common variable immunodeficiency,1,G alpha (q) signalling events; Leukotriene receptors,animal_model,887.0,query,Sorafenib,,no,-9.51934051513672,11.147417368354901
22,MONDO_0019938,anorectal malformation,1,0.8573638185194478,0.8573638185194478,LTB4R2,mondo_direct,MONDO_0019938,False,18916_19938_15733_15731_15732,33308,anorectal malformation,1,G alpha (q) signalling events; Leukotriene receptors,genetic_association,903.0,query,Sorafenib,,no,-7.676602363586426,11.34849817770516
23,EFO_0007187,bullous pemphigoid,2,0.7,0.7,LTB4R;LTB4R2,mondo_xref,MONDO:19082,False,19082,33194,bullous pemphigoid,1,G alpha (q) signalling events; Leukotriene receptors,known_drug,906.0,query,Sorafenib,,no,-8.92258071899414,11.38620082945833
24,EFO_0004719,pemphigus vulgaris,1,0.7818999999999999,0.7818999999999999,LTB4R,mondo_xref,MONDO:8219,False,8219,30998,pemphigus vulgaris,1,G alpha (q) signalling events; Leukotriene receptors,animal_model,979.0,query,Sorafenib,,no,-7.67786169052124,12.30363202211888
25,EFO_0000756,melanoma,1,0.65,0.65,HASPIN,mondo_xref,MONDO:5105,False,5105_5012,33653,melanoma,1,,literature,996.0,query,Sorafenib,,no,-7.459368705749512,12.517280382053539
26,MONDO_0013278,lymphatic malformation 3,1,0.5820000000000001,0.5820000000000001,LTB4R2,mondo_direct,MONDO_0013278,False,14393_14797_13278_7919_12765,28839,"lymphedema, hereditary",1,G alpha (q) signalling events; Leukotriene receptors,animal_model,997.0,query,Sorafenib,,no,-5.044483661651611,12.529847932637919
27,MONDO_0013577,Lipedema,1,0.5351,0.5351,LTB4R2,mondo_direct,MONDO_0013577,False,13577,27911,Lipedema (disease),1,G alpha (q) signalling events; Leukotriene receptors,animal_model,1003.0,query,Sorafenib,,no,-7.089262008666992,12.60525323614427
28,EFO_0000326,central nervous system cancer,1,0.4214,0.4214,HASPIN,mondo_xref,MONDO:2714,False,2714,35788,central nervous system cancer,1,,rna_expression,1014.0,query,Sorafenib,,no,-7.476072311401367,12.743496292572578
29,MONDO_0013419,complement component C1s deficiency,1,0.5479999999999999,0.5479999999999999,LTB4R,mondo_direct,MONDO_0013419,False,13419,30809,complement component C1s deficiency,1,G alpha (q) signalling events; Leukotriene receptors,animal_model,1033.0,query,Sorafenib,,no,-7.034657001495361,12.98227975367601
30,MONDO_0033554,immunodeficiency 73b with defective neutrophil chemotaxis and lymphopenia,1,0.4997999999999999,0.4997999999999999,LTB4R,mondo_direct,MONDO_0033554,False,33554,31520,immunodeficiency 73b with defective neutrophil chemotaxis and lymphopenia,1,G alpha (q) signalling events; Leukotriene receptors,animal_model,1056.0,query,Sorafenib,,no,-0.3481547236442566,13.271333417117
31,MONDO_0100244,paroxysmal nocturnal hemoglobinuria,2,0.7,0.7,LTB4R;LTB4R2,mondo_direct,MONDO_0100244,False,10438_14166_19533_100245_100243_100244,27950,paroxysmal nocturnal hemoglobinuria,1,G alpha (q) signalling events; Leukotriene receptors,known_drug,1074.0,query,Sorafenib,,no,-8.621757507324219,13.49754932763604
32,MONDO_0008903,lung cancer,1,1.0,1.0,LTB4R2,mondo_direct,MONDO_0008903,False,8903,31116,lung cancer,1,G alpha (q) signalling events; Leukotriene receptors,literature,1081.0,query,Sorafenib,,no,-8.568965911865234,13.58552218172678
33,MONDO_0013504,spermatogenic failure 8,1,0.6786,0.6786,HASPIN,mondo_direct,MONDO_0013504,False,33622_14365_14366_30844_32859_14961_32744_20851_32739_7161_54723_20852_54726_11720_54730_32863_7060_33673_14970_32845_54725_30938_14847_54724_54615_30846_14172_54732_54729_32686_30868_33671_9776_13505_29147_54728_54731_54727_10052_20855_32896_29148_14037_32748_13504_32898_54733_13070_13901_30926_30989,27218,spermatogenic failure,1,,animal_model,1095.0,query,Sorafenib,,no,-8.287673950195312,13.76146788990825
34,MONDO_0030926,spermatogenic failure 51,1,0.6536,0.6536,HASPIN,mondo_direct,MONDO_0030926,False,33622_14365_14366_30844_32859_14961_32744_20851_32739_7161_54723_20852_54726_11720_54730_32863_7060_33673_14970_32845_54725_30938_14847_54724_54615_30846_14172_54732_54729_32686_30868_33671_9776_13505_29147_54728_54731_54727_10052_20855_32896_29148_14037_32748_13504_32898_54733_13070_13901_30926_30989,27218,spermatogenic failure,1,,animal_model,1095.0,query,Sorafenib,,no,-8.287673950195312,13.76146788990825
35,MONDO_0054728,spermatogenic failure 24,1,0.6036,0.6036,HASPIN,mondo_direct,MONDO_0054728,False,33622_14365_14366_30844_32859_14961_32744_20851_32739_7161_54723_20852_54726_11720_54730_32863_7060_33673_14970_32845_54725_30938_14847_54724_54615_30846_14172_54732_54729_32686_30868_33671_9776_13505_29147_54728_54731_54727_10052_20855_32896_29148_14037_32748_13504_32898_54733_13070_13901_30926_30989,27218,spermatogenic failure,1,,animal_model,1095.0,query,Sorafenib,,no,-8.287673950195312,13.76146788990825
36,MONDO_0019093,immunodeficiency due to selective anti-polysaccharide antibody deficiency,1,0.4974,0.4974,LTB4R,mondo_direct,MONDO_0019093,False,19093,27759,immunodeficiency due to selective anti-polysaccharide antibody deficiency,1,G alpha (q) signalling events; Leukotriene receptors,animal_model,1097.0,query,Sorafenib,,no,-0.2464176416397094,13.786602991077041
37,MONDO_0005148,type 2 diabetes mellitus,1,0.41,0.41,LTB4R2,mondo_direct,MONDO_0005148,False,5148,28208,type 2 diabetes mellitus,1,G alpha (q) signalling events; Leukotriene receptors,literature,1099.0,query,Sorafenib,,no,-8.327861785888672,13.81173809224582
38,MONDO_0007576,esophageal cancer,1,0.46,0.46,HASPIN,mondo_direct,MONDO_0007576,False,7576,29402,esophageal cancer,1,,literature,1104.0,query,Sorafenib,,no,-10.110640525817873,13.874575845167769
39,EFO_0000616,neoplasm,3,0.99,0.6699999999999999,CDC50A;HASPIN;LTB4R2,mondo_xref,MONDO:5070,False,5070,33672,neoplasm (disease),1,G alpha (q) signalling events; Leukotriene receptors; Neutrophil degranulation,literature,1107.0,query,Sorafenib,,no,-4.852051258087158,13.91227849692095
40,MONDO_0007319,chondrocalcinosis 2,2,0.7306999999999999,0.7306999999999999,LTB4R;LTB4R2,mondo_direct,MONDO_0007319,False,10917_7319_1314,29715,chondrocalcinosis,1,G alpha (q) signalling events; Leukotriene receptors,animal_model,1112.0,query,Sorafenib,,no,-10.662338256835938,13.9751162498429
41,MONDO_0014278,immunodeficiency 18,1,0.5356000000000001,0.5356000000000001,LTB4R,mondo_direct,MONDO_0014278,False,33541_14280_13500_14278_10296_33542_32723_14597_14727_8856_54696_32599_20849_32763_30858_30013_10504_14453_12426_10386_32803_14491_13427_14222_14981_13953_21094_30898_30973_30981,27227,immunodeficiency,1,G alpha (q) signalling events; Leukotriene receptors,animal_model,1161.0,query,Sorafenib,,no,-3.965582609176636,14.59092622847806
42,MONDO_0032763,immunodeficiency 62,1,0.5113,0.5113,LTB4R,mondo_direct,MONDO_0032763,False,33541_14280_13500_14278_10296_33542_32723_14597_14727_8856_54696_32599_20849_32763_30858_30013_10504_14453_12426_10386_32803_14491_13427_14222_14981_13953_21094_30898_30973_30981,27227,immunodeficiency,1,G alpha (q) signalling events; Leukotriene receptors,animal_model,1161.0,query,Sorafenib,,no,-3.965582609176636,14.59092622847806
43,MONDO_0018899,posterior cortical atrophy,1,1.0,1.0,HASPIN,mondo_direct,MONDO_0018899,False,18899,32407,posterior cortical atrophy,1,,literature,1173.0,query,Sorafenib,,no,-5.222073554992676,14.741736835490759
44,EFO_1001897,Morvan syndrome,1,0.9636,0.9636,LTB4R,mondo_xref,MONDO:8718,False,8718,97658,Morvan syndrome,1,G alpha (q) signalling events; Leukotriene receptors,animal_model,1189.0,query,Sorafenib,,no,-6.359001636505127,14.94281764484102
45,MONDO_0014081,severe combined immunodeficiency due to CARD11 deficiency,1,0.4819,0.4819,LTB4R,mondo_direct,MONDO_0014081,False,14081,30920,severe combined immunodeficiency due to CARD11 deficiency,1,G alpha (q) signalling events; Leukotriene receptors,animal_model,1197.0,query,Sorafenib,,no,-8.30887222290039,15.04335804951615
46,EFO_0009731,"polyarticular juvenile idiopathic arthritis, rheumatoid factor positive",1,0.4313,0.4313,LTB4R2,mondo_xref,MONDO:19435,False,19435,32726,rheumatoid factor-positive polyarticular juvenile idiopathic arthritis,1,G alpha (q) signalling events; Leukotriene receptors,animal_model,1211.0,query,Sorafenib,,no,-0.1528006494045257,15.219303757697618
47,EFO_0003779,Hashimoto's thyroiditis,1,0.8114,0.8114,LTB4R,mondo_xref,MONDO:7699,False,7699,29894,Hashimoto thyroiditis,1,G alpha (q) signalling events; Leukotriene receptors,animal_model,1254.0,query,Sorafenib,,no,-8.59771728515625,15.75970843282644
48,EFO_0009028,Camptodactyly-arthropathy-coxa-vara-pericarditis syndrome,1,0.4614999999999999,0.4614999999999999,LTB4R2,mondo_xref,MONDO:8828,False,8828,31821,camptodactyly-arthropathy-coxa vara-pericarditis syndrome,1,G alpha (q) signalling events; Leukotriene receptors,animal_model,1258.0,query,Sorafenib,,no,-7.176768779754639,15.809978635163999
49,MONDO_0021637,low grade glioma,1,0.5413406865793863,0.5413406865793863,LTB4R,mondo_direct,MONDO_0021637,False,21637,36713,low grade glioma,1,G alpha (q) signalling events; Leukotriene receptors,affected_pathway,1263.0,query,Sorafenib,,no,-6.478041648864746,15.872816388085962
50,MONDO_0013860,idiopathic membranous glomerulonephritis,1,0.9636,0.9636,LTB4R,mondo_direct,MONDO_0013860,False,5376_13860,94687,membranous glomerulonephritis,1,G alpha (q) signalling events; Leukotriene receptors,animal_model,1299.0,query,Sorafenib,,no,-6.658677101135254,16.32524820912404
51,EFO_1001974,uterine leiomyosarcoma,1,0.4156203172781177,0.4156203172781177,HASPIN,mondo_xref,MONDO:16262,False,16262,37241,leiomyosarcoma of the corpus uteri,1,,rna_expression,1346.0,query,Sorafenib,,no,-4.844870090484619,16.91592308659042
52,MONDO_0005178,osteoarthritis,2,0.7189,0.7189,LTB4R;LTB4R2,mondo_direct,MONDO_0005178,False,5178_6629_5416_6630_6631_6632,33609,osteoarthritis,1,G alpha (q) signalling events; Leukotriene receptors,"animal_model, literature",1352.0,query,Sorafenib,,no,-8.627687454223633,16.99132839009677
53,MONDO_0007114,Angel-shaped phalango-epiphyseal dysplasia,2,0.531,0.531,LTB4R;LTB4R2,mondo_direct,MONDO_0007114,False,7114,28746,angel-shaped phalango-epiphyseal dysplasia,1,G alpha (q) signalling events; Leukotriene receptors,animal_model,1428.0,query,Sorafenib,,no,-6.441152095794678,17.94646223451049
54,EFO_0000279,azoospermia,1,0.6347999999999999,0.6347999999999999,HASPIN,mondo_xref,MONDO:4983,False,4983,38125,azoospermia,1,,animal_model,1457.0,query,Sorafenib,,no,-4.8663740158081055,18.31092120145783
55,MONDO_0007763,nonpapillary renal cell carcinoma,1,0.98,0.98,LTB4R,mondo_direct,MONDO_0007763,False,7763,28640,nonpapillary renal cell carcinoma,1,G alpha (q) signalling events; Leukotriene receptors,literature,1462.0,query,Sorafenib,,yes,-7.138564109802246,18.37375895437979
56,MONDO_0010514,combined immunodeficiency due to moesin deficiency,1,0.4702,0.4702,LTB4R,mondo_direct,MONDO_0010514,False,10514,31916,combined immunodeficiency due to moesin deficiency,1,G alpha (q) signalling events; Leukotriene receptors,animal_model,1468.0,query,Sorafenib,,no,-5.653900146484375,18.44916425788614
57,MONDO_0008227,peripheral dysostosis,1,0.4158,0.4158,LTB4R2,mondo_direct,MONDO_0008227,False,8227,30386,peripheral dysostosis,1,G alpha (q) signalling events; Leukotriene receptors,animal_model,1500.0,query,Sorafenib,,no,-5.690412998199463,18.85132587658665
58,EFO_0005772,neurodegenerative disease,1,0.8643145395712724,0.8643145395712724,CDC50A,mondo_xref,MONDO:5559,False,5559,35693,neurodegenerative disease,1,Neutrophil degranulation,"affected_pathway, literature",1513.0,query,Sorafenib,,no,-3.383563280105591,19.01470403418373
59,MONDO_0011988,neutrophil immunodeficiency syndrome,2,0.7537999999999999,0.7233499999999999,LTB4R;LTB4R2,mondo_direct,MONDO_0011988,False,11988,32147,neutrophil immunodeficiency syndrome,1,G alpha (q) signalling events; Leukotriene receptors,animal_model,1528.0,query,Sorafenib,,no,-4.899083137512207,19.2032172929496
60,EFO_0000304,breast adenocarcinoma,1,0.9886056647693164,0.9886056647693164,LTB4R2,mondo_xref,MONDO:4988,False,4988,35737,breast adenocarcinoma,1,G alpha (q) signalling events; Leukotriene receptors,affected_pathway,1560.0,query,Sorafenib,,no,-3.96683669090271,19.60537891165012
61,MONDO_0018394,male infertility with teratozoospermia due to single gene mutation,1,0.6620999999999999,0.6620999999999999,HASPIN,mondo_direct,MONDO_0018394,False,18394,32368,male infertility with teratozoospermia due to single gene mutation,1,,animal_model,1566.0,query,Sorafenib,,no,-4.308290481567383,19.68078421515646
62,MONDO_0011804,autoimmune lymphoproliferative syndrome type 2B,1,0.4752,0.4752,LTB4R,mondo_direct,MONDO_0011804,False,11158_13767_14253_11804_11383_17979,28015,autoimmune lymphoproliferative syndrome,1,G alpha (q) signalling events; Leukotriene receptors,animal_model,1570.0,query,Sorafenib,,no,-4.6669511795043945,19.73105441749403
63,MONDO_0024622,thyroid gland adenocarcinoma,2,1.0,1.0,LTB4R;LTB4R2,mondo_direct,MONDO_0024622,False,12004_15075_5034_5075_24622_6467,30749,thyroid gland carcinoma,1,G alpha (q) signalling events; Leukotriene receptors,affected_pathway,1576.0,query,Sorafenib,,yes,-4.845841884613037,19.80645972100037
64,EFO_1001451,X-Linked Combined Immunodeficiency Diseases,1,0.4724,0.4724,LTB4R,mondo_xref,MONDO:10730,False,10730,27595,"combined immunodeficiency, X-linked",1,G alpha (q) signalling events; Leukotriene receptors,animal_model,1587.0,query,Sorafenib,,no,-4.064095973968506,19.94470277742868
65,EFO_0000349,clear cell renal carcinoma,1,0.7,0.7,LTB4R,mondo_xref,MONDO:5005,False,5005,36937,clear cell renal carcinoma,1,G alpha (q) signalling events; Leukotriene receptors,literature,1602.0,query,Sorafenib,,yes,-4.192899227142334,20.13321603619454
66,EFO_0000181,head and neck squamous cell carcinoma,1,0.8839926856944473,0.8839926856944473,MLNR,mondo_xref,MONDO:10150,False,10150_4958_5096_6082_500_514,29375,squamous cell carcinoma,1,G alpha (q) signalling events; Peptide ligand-binding receptors,"affected_pathway, literature",1613.0,query,Sorafenib,,no,-4.104728698730469,20.27145909262284
67,MONDO_0032907,lymphatic malformation 8,1,0.4775,0.4775,LTB4R2,mondo_direct,MONDO_0032907,False,32907,30834,lymphatic malformation 8,1,G alpha (q) signalling events; Leukotriene receptors,animal_model,1630.0,query,Sorafenib,,no,-3.751803398132324,20.48510745255749
68,MONDO_0002108,thyroid cancer,1,1.0,1.0,HASPIN,mondo_direct,MONDO_0002108,False,2108,36944,thyroid cancer,1,,literature,1646.0,query,Sorafenib,,no,-4.264862060546875,20.686188261907752
69,MONDO_0014391,severe combined immunodeficiency due to CTPS1 deficiency,1,0.4847999999999999,0.4847999999999999,LTB4R,mondo_direct,MONDO_0014391,False,14391,28620,severe combined immunodeficiency due to CTPS1 deficiency,1,G alpha (q) signalling events; Leukotriene receptors,animal_model,1666.0,query,Sorafenib,,no,-3.893357753753662,20.937539273595572
70,MONDO_0007254,breast cancer,2,1.0,1.0,HASPIN;LTB4R2,mondo_direct,MONDO_0007254,False,7254,36691,breast cancer,1,G alpha (q) signalling events; Leukotriene receptors,literature,1694.0,query,Sorafenib,,no,-3.116629838943481,21.289430689958518
71,EFO_0005221,cholangiocarcinoma,1,1.0,1.0,HASPIN,mondo_xref,MONDO:19087,False,19087,33045,cholangiocarcinoma,1,,literature,1715.0,query,Sorafenib,,no,-3.143867015838623,21.553349252230742
72,MONDO_0012330,talo-patello-scaphoid osteolysis,2,0.506,0.506,LTB4R;LTB4R2,mondo_direct,MONDO_0012330,False,12330,27572,talo-patello-scaphoid osteolysis,1,G alpha (q) signalling events; Leukotriene receptors,animal_model,1721.0,query,Sorafenib,,no,-0.1420581489801406,21.62875455573708
73,MONDO_0009296,glycoprotein storage disease,2,0.6033,0.6033,LTB4R;LTB4R2,mondo_direct,MONDO_0009296,False,9296,30301,glycoprotein storage disease,1,G alpha (q) signalling events; Leukotriene receptors,animal_model,1722.0,query,Sorafenib,,no,-3.3224775791168213,21.64132210632147
74,EFO_0005537,triple-negative breast cancer,1,0.45,0.45,LTB4R2,mondo_xref,MONDO:5494,False,5494,37655,triple-negative breast carcinoma,1,G alpha (q) signalling events; Leukotriene receptors,literature,1913.0,query,Sorafenib,,no,-2.378514289855957,24.04172426794018
75,MONDO_0030069,"hyper-IgE recurrent infection syndrome 5, autosomal recessive",1,0.4792,0.4792,LTB4R,mondo_direct,MONDO_0030069,False,30069,32077,"hyper-IgE recurrent infection syndrome 5, autosomal recessive",1,G alpha (q) signalling events; Leukotriene receptors,animal_model,2624.0,query,Sorafenib,,no,-0.1573990583419799,32.977252733442256
76,Orphanet_169142,Recurrent infection due to specific granule deficiency,2,0.6561,0.5902499999999999,LTB4R;LTB4R2,unmapped,,False,,,,0,G alpha (q) signalling events; Leukotriene receptors,animal_model,,,,,,,
77,HP_0100806,Sepsis,1,1.0,1.0,LTB4R2,unmapped,,False,,,,0,G alpha (q) signalling events; Leukotriene receptors,literature,,,,,,,
78,Orphanet_169150,Immunodeficiency due to a late component of complements deficiency,1,0.5742,0.5742,LTB4R,unmapped,,False,,,,0,G alpha (q) signalling events; Leukotriene receptors,animal_model,,,,,,,
79,Orphanet_101992,Immunodeficiency due to a complement cascade protein anomaly,1,0.5700999999999999,0.5700999999999999,LTB4R,unmapped,,False,,,,0,G alpha (q) signalling events; Leukotriene receptors,animal_model,,,,,,,
80,MONDO_0023664,spermatogenic failure 54,1,0.5684,0.5684,HASPIN,unmapped,,False,,,,0,,animal_model,,,,,,,
81,MONDO_0030302,immunodeficiency 81,1,0.5511,0.5511,LTB4R,unmapped,,False,,,,0,G alpha (q) signalling events; Leukotriene receptors,animal_model,,,,,,,
82,MONDO_0958182,C1Q deficiency 1,1,0.5355,0.5355,LTB4R,unmapped,,False,,,,0,G alpha (q) signalling events; Leukotriene receptors,animal_model,,,,,,,
83,MONDO_0030484,immunodeficiency 89 and autoimmunity,1,0.5172,0.5172,LTB4R,unmapped,,False,,,,0,G alpha (q) signalling events; Leukotriene receptors,animal_model,,,,,,,
84,MONDO_0024781,immunodeficiency 102,1,0.4956,0.4956,LTB4R,unmapped,,False,,,,0,G alpha (q) signalling events; Leukotriene receptors,animal_model,,,,,,,
85,MONDO_0030529,"agammaglobulinemia 10, autosomal dominant",1,0.4881,0.4881,LTB4R,unmapped,,False,,,,0,G alpha (q) signalling events; Leukotriene receptors,animal_model,,,,,,,
86,Orphanet_79452,Milroy disease,1,0.4738,0.4738,LTB4R2,unmapped,,False,,,,0,G alpha (q) signalling events; Leukotriene receptors,animal_model,,,,,,,
87,HP_0100526,Neoplasm of the lung,1,0.44,0.44,LTB4R2,unmapped,,False,,,,0,G alpha (q) signalling events; Leukotriene receptors,literature,,,,,,,
