effect_id,effect_name
2027,Abdominal pain
759,Abnormal peripheral nervous system morphology
6530,Abnormal pulmonary Interstitial morphology
1969,Abnormal tubulointerstitial morphology
818,Abnormality of the endocrine system
11024,Abnormality of the gastrointestinal tract
951,Abnormality of the skin
1919,Acute kidney injury
1596,Alopecia
2293,Alopecia of scalp
100845,Anaphylactic shock
11675,Arrhythmia
2829,Arthralgia
1541,Ascites
1342,Cerebral hemorrhage
30151,Cholangitis
1082,Cholecystitis
1635,Congestive heart failure
12735,Cough
1410,Decreased liver function
1944,Dehydration
958,Dry skin
2015,Dysphagia
1618,Dysphonia
2094,Dyspnea
964,Eczema
976,Eczematoid dermatitis
2910,Elevated hepatic transaminase
712,Emotional lability
421,Epistaxis
10783,Erythema
1019,Erythroderma
2040,Esophageal varix
12378,Fatigue
1945,Fever
2020,Gastroesophageal reflux
206,Glossitis
2315,Headache
1399,Hepatic failure
1402,Hepatocellular carcinoma
2904,Hyperbilirubinemia
962,Hyperkeratosis
2487,Hyperkinetic movements
100735,Hypertensive crisis
836,Hyperthyroidism
3073,Hypoalbuminemia
2901,Hypocalcemia
2902,Hyponatremia
821,Hypothyroidism
11123,Inflammatory abnormality of the skin
952,Jaundice
2352,Leukoencephalopathy
1882,Leukopenia
9763,Limb pain
7185,Loss of consciousness
4395,Malnutrition
1575,Mood changes
720,Mood swings
3326,Myalgia
2018,Nausea
2896,Neoplasm of the liver
8069,Neoplasm of the skin
100,Nephrotic syndrome
155,Oral ulcer
12531,Pain
1733,Pancreatitis
9830,Peripheral neuropathy
2202,Pleural effusion
2090,Pneumonia
1271,Polyneuropathy
4396,Poor appetite
93,Proteinuria
989,Pruritus
11107,Recurrent aphthous stomatitis
83,Renal insufficiency
2098,Respiratory distress
40189,Scaling skin
763,Sensory neuropathy
2860,Squamous cell carcinoma
6739,Squamous cell carcinoma of the skin
10280,Stomatitis
1279,Syncope
1873,Thrombocytopenia
360,Tinnitus
30811,Tongue pain
1970,Tubulointerstitial nephritis
2321,Vertigo
2013,Vomiting
217,Xerostomia
