disease_id,disease_name,n_targets,max_score,mean_score,targets,map_method,map_via,is_broader,primekg_x_id,primekg_x_index,primekg_name,n_matches,supporting_pathways,evidence_types
MONDO_0008170,ovarian cancer,3,1.0,0.8733333333333334,CDC50A;HASPIN;MLNR,mondo_direct,MONDO_0008170,False,8170,31477,ovarian cancer,1,G alpha (q) signalling events; Neutrophil degranulation; Peptide ligand-binding receptors,"affected_pathway, literature"
EFO_0000616,neoplasm,3,0.99,0.6699999999999999,CDC50A;HASPIN;LTB4R2,mondo_xref,MONDO:5070,False,5070,33672,neoplasm (disease),1,G alpha (q) signalling events; Leukotriene receptors; Neutrophil degranulation,literature
MONDO_0004992,cancer,3,0.65,0.5166666666666667,HASPIN;LTB4R;LTB4R2,mondo_direct,MONDO_0004992,False,4992,35612,cancer,1,G alpha (q) signalling events; Leukotriene receptors,literature
MONDO_0007254,breast cancer,2,1.0,1.0,HASPIN;LTB4R2,mondo_direct,MONDO_0007254,False,7254,36691,breast cancer,1,G alpha (q) signalling events; Leukotriene receptors,literature
MONDO_0004975,Alzheimer disease,2,1.0,0.7625,HASPIN;LTB4R,mondo_direct,MONDO_0004975,False,11913_7088_11743_12153_7089_11194_12321_15140_4975_11561_11647_11777_12344_12609_12630_12631_14265_10422_14036_14316_100088,28780,Alzheimer disease,1,G alpha (q) signalling events; Leukotriene receptors,literature
MONDO_0024622,thyroid gland adenocarcinoma,2,1.0,1.0,LTB4R;LTB4R2,mondo_direct,MONDO_0024622,False,12004_15075_5034_5075_24622_6467,30749,thyroid gland carcinoma,1,G alpha (q) signalling events; Leukotriene receptors,affected_pathway
MONDO_0011988,neutrophil immunodeficiency syndrome,2,0.7537999999999999,0.7233499999999999,LTB4R;LTB4R2,mondo_direct,MONDO_0011988,False,11988,32147,neutrophil immunodeficiency syndrome,1,G alpha (q) signalling events; Leukotriene receptors,animal_model
MONDO_0007319,chondrocalcinosis 2,2,0.7306999999999999,0.7306999999999999,LTB4R;LTB4R2,mondo_direct,MONDO_0007319,False,10917_7319_1314,29715,chondrocalcinosis,1,G alpha (q) signalling events; Leukotriene receptors,animal_model
MONDO_0005178,osteoarthritis,2,0.7189,0.7189,LTB4R;LTB4R2,mondo_direct,MONDO_0005178,False,5178_6629_5416_6630_6631_6632,33609,osteoarthritis,1,G alpha (q) signalling events; Leukotriene receptors,"animal_model, literature"
MONDO_0100244,paroxysmal nocturnal hemoglobinuria,2,0.7,0.7,LTB4R;LTB4R2,mondo_direct,MONDO_0100244,False,10438_14166_19533_100245_100243_100244,27950,paroxysmal nocturnal hemoglobinuria,1,G alpha (q) signalling events; Leukotriene receptors,known_drug
EFO_0007187,bullous pemphigoid,2,0.7,0.7,LTB4R;LTB4R2,mondo_xref,MONDO:19082,False,19082,33194,bullous pemphigoid,1,G alpha (q) signalling events; Leukotriene receptors,known_drug
Orphanet_169142,Recurrent infection due to specific granule deficiency,2,0.6561,0.5902499999999999,LTB4R;LTB4R2,unmapped,,False,,,,0,G alpha (q) signalling events; Leukotriene receptors,animal_model
MONDO_0009296,glycoprotein storage disease,2,0.6033,0.6033,LTB4R;LTB4R2,mondo_direct,MONDO_0009296,False,9296,30301,glycoprotein storage disease,1,G alpha (q) signalling events; Leukotriene receptors,animal_model
EFO_0007269,Felty's syndrome,2,0.603,0.5126499999999999,LTB4R;LTB4R2,mondo_xref,MONDO:7603,False,7603,30061,Felty syndrome,1,G alpha (q) signalling events; Leukotriene receptors,animal_model
MONDO_0007114,Angel-shaped phalango-epiphyseal dysplasia,2,0.531,0.531,LTB4R;LTB4R2,mondo_direct,MONDO_0007114,False,7114,28746,angel-shaped phalango-epiphyseal dysplasia,1,G alpha (q) signalling events; Leukotriene receptors,animal_model
MONDO_0012330,talo-patello-scaphoid osteolysis,2,0.506,0.506,LTB4R;LTB4R2,mondo_direct,MONDO_0012330,False,12330,27572,talo-patello-scaphoid osteolysis,1,G alpha (q) signalling events; Leukotriene receptors,animal_model
MONDO_0018899,posterior cortical atrophy,1,1.0,1.0,HASPIN,mondo_direct,MONDO_0018899,False,18899,32407,posterior cortical atrophy,1,,literature
MONDO_0004986,urinary bladder carcinoma,1,1.0,1.0,HASPIN,mondo_direct,MONDO_0004986,False,4986,33642,urinary bladder carcinoma,1,,literature
EFO_0005221,cholangiocarcinoma,1,1.0,1.0,HASPIN,mondo_xref,MONDO:19087,False,19087,33045,cholangiocarcinoma,1,,literature
MONDO_0002108,thyroid cancer,1,1.0,1.0,HASPIN,mondo_direct,MONDO_0002108,False,2108,36944,thyroid cancer,1,,literature
EFO_1001951,colorectal carcinoma,1,1.0,1.0,LTB4R,mondo_xref,MONDO:24331,False,24331,36480,colorectal carcinoma,1,G alpha (q) signalling events; Leukotriene receptors,literature
MONDO_0008903,lung cancer,1,1.0,1.0,LTB4R2,mondo_direct,MONDO_0008903,False,8903,31116,lung cancer,1,G alpha (q) signalling events; Leukotriene receptors,literature
HP_0100806,Sepsis,1,1.0,1.0,LTB4R2,unmapped,,False,,,,0,G alpha (q) signalling events; Leukotriene receptors,literature
EFO_0000182,hepatocellular carcinoma,1,1.0,1.0,LTB4R2,mondo_xref,MONDO:7256,False,7256_18902_16216_3243,29646,hepatocellular carcinoma,1,G alpha (q) signalling events; Leukotriene receptors,literature
EFO_0000304,breast adenocarcinoma,1,0.9886056647693163,0.9886056647693163,LTB4R2,mondo_xref,MONDO:4988,False,4988,35737,breast adenocarcinoma,1,G alpha (q) signalling events; Leukotriene receptors,affected_pathway
MONDO_0007763,nonpapillary renal cell carcinoma,1,0.98,0.98,LTB4R,mondo_direct,MONDO_0007763,False,7763,28640,nonpapillary renal cell carcinoma,1,G alpha (q) signalling events; Leukotriene receptors,literature
MONDO_0013860,idiopathic membranous glomerulonephritis,1,0.9636,0.9636,LTB4R,mondo_direct,MONDO_0013860,False,5376_13860,94687,membranous glomerulonephritis,1,G alpha (q) signalling events; Leukotriene receptors,animal_model
EFO_1001897,Morvan syndrome,1,0.9636,0.9636,LTB4R,mondo_xref,MONDO:8718,False,8718,97658,Morvan syndrome,1,G alpha (q) signalling events; Leukotriene receptors,animal_model
MONDO_0007361,C1 inhibitor deficiency,1,0.9608,0.9608,LTB4R,mondo_direct,MONDO_0007361,False,7361,31159,C1 inhibitor deficiency,1,G alpha (q) signalling events; Leukotriene receptors,animal_model
EFO_0005140,autoimmune disease,1,0.9584999999999999,0.9584999999999999,LTB4R,name_exact,autoimmune disease,False,7179,28478,autoimmune disease,1,G alpha (q) signalling events; Leukotriene receptors,"animal_model, literature"
EFO_0000181,head and neck squamous cell carcinoma,1,0.8839926856944473,0.8839926856944473,MLNR,mondo_xref,MONDO:10150,False,10150_4958_5096_6082_500_514,29375,squamous cell carcinoma,1,G alpha (q) signalling events; Peptide ligand-binding receptors,"affected_pathway, literature"
EFO_0005772,neurodegenerative disease,1,0.8643145395712724,0.8643145395712724,CDC50A,mondo_xref,MONDO:5559,False,5559,35693,neurodegenerative disease,1,Neutrophil degranulation,"affected_pathway, literature"
MONDO_0019938,anorectal malformation,1,0.8573638185194478,0.8573638185194478,LTB4R2,mondo_direct,MONDO_0019938,False,18916_19938_15733_15731_15732,33308,anorectal malformation,1,G alpha (q) signalling events; Leukotriene receptors,genetic_association
EFO_0003779,Hashimoto's thyroiditis,1,0.8114,0.8114,LTB4R,mondo_xref,MONDO:7699,False,7699,29894,Hashimoto thyroiditis,1,G alpha (q) signalling events; Leukotriene receptors,animal_model
EFO_0004719,pemphigus vulgaris,1,0.7818999999999999,0.7818999999999999,LTB4R,mondo_xref,MONDO:8219,False,8219,30998,pemphigus vulgaris,1,G alpha (q) signalling events; Leukotriene receptors,animal_model
EFO_0000612,myocardial infarction,1,0.77,0.77,LTB4R,mondo_xref,MONDO:5068,False,5068,37180,myocardial infarction (disease),1,G alpha (q) signalling events; Leukotriene receptors,literature
EFO_0000349,clear cell renal carcinoma,1,0.7,0.7,LTB4R,mondo_xref,MONDO:5005,False,5005,36937,clear cell renal carcinoma,1,G alpha (q) signalling events; Leukotriene receptors,literature
MONDO_0013504,spermatogenic failure 8,1,0.6786,0.6786,HASPIN,mondo_direct,MONDO_0013504,False,33622_14365_14366_30844_32859_14961_32744_20851_32739_7161_54723_20852_54726_11720_54730_32863_7060_33673_14970_32845_54725_30938_14847_54724_54615_30846_14172_54732_54729_32686_30868_33671_9776_13505_29147_54728_54731_54727_10052_20855_32896_29148_14037_32748_13504_32898_54733_13070_13901_30926_30989,27218,spermatogenic failure,1,,animal_model
MONDO_0013743,autosomal systemic lupus erythematosus type 16,1,0.6652,0.6652,LTB4R,mondo_direct,MONDO_0013743,False,13743,29221,autosomal systemic lupus erythematosus type 16,1,G alpha (q) signalling events; Leukotriene receptors,animal_model
MONDO_0018394,male infertility with teratozoospermia due to single gene mutation,1,0.6620999999999999,0.6620999999999999,HASPIN,mondo_direct,MONDO_0018394,False,18394,32368,male infertility with teratozoospermia due to single gene mutation,1,,animal_model
MONDO_0030926,spermatogenic failure 51,1,0.6536,0.6536,HASPIN,mondo_direct,MONDO_0030926,False,33622_14365_14366_30844_32859_14961_32744_20851_32739_7161_54723_20852_54726_11720_54730_32863_7060_33673_14970_32845_54725_30938_14847_54724_54615_30846_14172_54732_54729_32686_30868_33671_9776_13505_29147_54728_54731_54727_10052_20855_32896_29148_14037_32748_13504_32898_54733_13070_13901_30926_30989,27218,spermatogenic failure,1,,animal_model
EFO_0000756,melanoma,1,0.65,0.65,HASPIN,mondo_xref,MONDO:5105,False,5105_5012,33653,melanoma,1,,literature
EFO_0000279,azoospermia,1,0.6347999999999999,0.6347999999999999,HASPIN,mondo_xref,MONDO:4983,False,4983,38125,azoospermia,1,,animal_model
MONDO_0054728,spermatogenic failure 24,1,0.6036,0.6036,HASPIN,mondo_direct,MONDO_0054728,False,33622_14365_14366_30844_32859_14961_32744_20851_32739_7161_54723_20852_54726_11720_54730_32863_7060_33673_14970_32845_54725_30938_14847_54724_54615_30846_14172_54732_54729_32686_30868_33671_9776_13505_29147_54728_54731_54727_10052_20855_32896_29148_14037_32748_13504_32898_54733_13070_13901_30926_30989,27218,spermatogenic failure,1,,animal_model
MONDO_0013278,lymphatic malformation 3,1,0.5820000000000001,0.5820000000000001,LTB4R2,mondo_direct,MONDO_0013278,False,14393_14797_13278_7919_12765,28839,"lymphedema, hereditary",1,G alpha (q) signalling events; Leukotriene receptors,animal_model
Orphanet_169150,Immunodeficiency due to a late component of complements deficiency,1,0.5742,0.5742,LTB4R,unmapped,,False,,,,0,G alpha (q) signalling events; Leukotriene receptors,animal_model
Orphanet_101992,Immunodeficiency due to a complement cascade protein anomaly,1,0.5700999999999999,0.5700999999999999,LTB4R,unmapped,,False,,,,0,G alpha (q) signalling events; Leukotriene receptors,animal_model
MONDO_0023664,spermatogenic failure 54,1,0.5684,0.5684,HASPIN,unmapped,,False,,,,0,,animal_model
MONDO_0030302,immunodeficiency 81,1,0.5511,0.5511,LTB4R,unmapped,,False,,,,0,G alpha (q) signalling events; Leukotriene receptors,animal_model
MONDO_0013419,complement component C1s deficiency,1,0.5479999999999999,0.5479999999999999,LTB4R,mondo_direct,MONDO_0013419,False,13419,30809,complement component C1s deficiency,1,G alpha (q) signalling events; Leukotriene receptors,animal_model
MONDO_0021637,low grade glioma,1,0.5413406865793863,0.5413406865793863,LTB4R,mondo_direct,MONDO_0021637,False,21637,36713,low grade glioma,1,G alpha (q) signalling events; Leukotriene receptors,affected_pathway
MONDO_0014278,immunodeficiency 18,1,0.5356000000000001,0.5356000000000001,LTB4R,mondo_direct,MONDO_0014278,False,33541_14280_13500_14278_10296_33542_32723_14597_14727_8856_54696_32599_20849_32763_30858_30013_10504_14453_12426_10386_32803_14491_13427_14222_14981_13953_21094_30898_30973_30981,27227,immunodeficiency,1,G alpha (q) signalling events; Leukotriene receptors,animal_model
MONDO_0958182,C1Q deficiency 1,1,0.5355,0.5355,LTB4R,unmapped,,False,,,,0,G alpha (q) signalling events; Leukotriene receptors,animal_model
MONDO_0013577,Lipedema,1,0.5351,0.5351,LTB4R2,mondo_direct,MONDO_0013577,False,13577,27911,Lipedema (disease),1,G alpha (q) signalling events; Leukotriene receptors,animal_model
EFO_0007160,autoimmune thrombocytopenic purpura,1,0.5259,0.5259,LTB4R,mondo_xref,MONDO:8558,False,8558_19098,31511,autoimmune thrombocytopenic,1,G alpha (q) signalling events; Leukotriene receptors,animal_model
MONDO_0009842,Pelger-Huet-like anomaly and episodic fever with abdominal pain,1,0.5204,0.5204,LTB4R,mondo_direct,MONDO_0009842,False,9842,30817,Pelger-Huet-like anomaly and episodic fever with abdominal pain,1,G alpha (q) signalling events; Leukotriene receptors,animal_model
MONDO_0030484,immunodeficiency 89 and autoimmunity,1,0.5172,0.5172,LTB4R,unmapped,,False,,,,0,G alpha (q) signalling events; Leukotriene receptors,animal_model
MONDO_0032763,immunodeficiency 62,1,0.5113,0.5113,LTB4R,mondo_direct,MONDO_0032763,False,33541_14280_13500_14278_10296_33542_32723_14597_14727_8856_54696_32599_20849_32763_30858_30013_10504_14453_12426_10386_32803_14491_13427_14222_14981_13953_21094_30898_30973_30981,27227,immunodeficiency,1,G alpha (q) signalling events; Leukotriene receptors,animal_model
MONDO_0033554,immunodeficiency 73b with defective neutrophil chemotaxis and lymphopenia,1,0.49979999999999997,0.49979999999999997,LTB4R,mondo_direct,MONDO_0033554,False,33554,31520,immunodeficiency 73b with defective neutrophil chemotaxis and lymphopenia,1,G alpha (q) signalling events; Leukotriene receptors,animal_model
MONDO_0019093,immunodeficiency due to selective anti-polysaccharide antibody deficiency,1,0.4974,0.4974,LTB4R,mondo_direct,MONDO_0019093,False,19093,27759,immunodeficiency due to selective anti-polysaccharide antibody deficiency,1,G alpha (q) signalling events; Leukotriene receptors,animal_model
MONDO_0016462,isolated agammaglobulinemia,1,0.4966,0.4966,LTB4R,mondo_direct,MONDO_0016462,False,14083_13288_12987_13287_13289_20729_14840_13290_11096_16462_15977,27170,agammaglobulinemia,1,G alpha (q) signalling events; Leukotriene receptors,animal_model
MONDO_0024781,immunodeficiency 102,1,0.49560000000000004,0.49560000000000004,LTB4R,unmapped,,False,,,,0,G alpha (q) signalling events; Leukotriene receptors,animal_model
EFO_0000341,chronic obstructive pulmonary disease,1,0.49,0.49,LTB4R,mondo_xref,MONDO:5002,False,5002,37617,chronic obstructive pulmonary disease,1,G alpha (q) signalling events; Leukotriene receptors,"known_drug, literature"
MONDO_0030529,"agammaglobulinemia 10, autosomal dominant",1,0.48810000000000003,0.48810000000000003,LTB4R,unmapped,,False,,,,0,G alpha (q) signalling events; Leukotriene receptors,animal_model
MONDO_0014391,severe combined immunodeficiency due to CTPS1 deficiency,1,0.48479999999999995,0.48479999999999995,LTB4R,mondo_direct,MONDO_0014391,False,14391,28620,severe combined immunodeficiency due to CTPS1 deficiency,1,G alpha (q) signalling events; Leukotriene receptors,animal_model
MONDO_0015517,common variable immunodeficiency,1,0.483,0.483,LTB4R,mondo_direct,MONDO_0015517,False,15517,32587,common variable immunodeficiency,1,G alpha (q) signalling events; Leukotriene receptors,animal_model
MONDO_0014081,severe combined immunodeficiency due to CARD11 deficiency,1,0.4819,0.4819,LTB4R,mondo_direct,MONDO_0014081,False,14081,30920,severe combined immunodeficiency due to CARD11 deficiency,1,G alpha (q) signalling events; Leukotriene receptors,animal_model
MONDO_0014083,"agammaglobulinemia 7, autosomal recessive",1,0.4808,0.4808,LTB4R,mondo_direct,MONDO_0014083,False,14083_13288_12987_13287_13289_20729_14840_13290_11096_16462_15977,27170,agammaglobulinemia,1,G alpha (q) signalling events; Leukotriene receptors,animal_model
MONDO_0030069,"hyper-IgE recurrent infection syndrome 5, autosomal recessive",1,0.4792,0.4792,LTB4R,mondo_direct,MONDO_0030069,False,30069,32077,"hyper-IgE recurrent infection syndrome 5, autosomal recessive",1,G alpha (q) signalling events; Leukotriene receptors,animal_model
MONDO_0032907,lymphatic malformation 8,1,0.4775,0.4775,LTB4R2,mondo_direct,MONDO_0032907,False,32907,30834,lymphatic malformation 8,1,G alpha (q) signalling events; Leukotriene receptors,animal_model
MONDO_0011804,autoimmune lymphoproliferative syndrome type 2B,1,0.4752,0.4752,LTB4R,mondo_direct,MONDO_0011804,False,11158_13767_14253_11804_11383_17979,28015,autoimmune lymphoproliferative syndrome,1,G alpha (q) signalling events; Leukotriene receptors,animal_model
Orphanet_79452,Milroy disease,1,0.4738,0.4738,LTB4R2,unmapped,,False,,,,0,G alpha (q) signalling events; Leukotriene receptors,animal_model
EFO_1001451,X-Linked Combined Immunodeficiency Diseases,1,0.47240000000000004,0.47240000000000004,LTB4R,mondo_xref,MONDO:10730,False,10730,27595,"combined immunodeficiency, X-linked",1,G alpha (q) signalling events; Leukotriene receptors,animal_model
MONDO_0010514,combined immunodeficiency due to moesin deficiency,1,0.4702,0.4702,LTB4R,mondo_direct,MONDO_0010514,False,10514,31916,combined immunodeficiency due to moesin deficiency,1,G alpha (q) signalling events; Leukotriene receptors,animal_model
MONDO_0013284,"immunodeficiency, common variable, 4",1,0.4657,0.4657,LTB4R,mondo_direct,MONDO_0013284,False,13285_9413_13286_13283_13284_11864_14697_14260_13862_54691,27188,"immunodeficiency, common variable",1,G alpha (q) signalling events; Leukotriene receptors,animal_model
EFO_0009028,Camptodactyly-arthropathy-coxa-vara-pericarditis syndrome,1,0.46149999999999997,0.46149999999999997,LTB4R2,mondo_xref,MONDO:8828,False,8828,31821,camptodactyly-arthropathy-coxa vara-pericarditis syndrome,1,G alpha (q) signalling events; Leukotriene receptors,animal_model
MONDO_0007576,esophageal cancer,1,0.46,0.46,HASPIN,mondo_direct,MONDO_0007576,False,7576,29402,esophageal cancer,1,,literature
EFO_0005537,triple-negative breast cancer,1,0.45,0.45,LTB4R2,mondo_xref,MONDO:5494,False,5494,37655,triple-negative breast carcinoma,1,G alpha (q) signalling events; Leukotriene receptors,literature
HP_0100526,Neoplasm of the lung,1,0.44,0.44,LTB4R2,unmapped,,False,,,,0,G alpha (q) signalling events; Leukotriene receptors,literature
EFO_0000699,Sjogren syndrome,1,0.43479999999999996,0.43479999999999996,LTB4R2,mondo_xref,MONDO:10030,False,10030,28764,Sjogren syndrome,1,G alpha (q) signalling events; Leukotriene receptors,animal_model
EFO_0009731,"polyarticular juvenile idiopathic arthritis, rheumatoid factor positive",1,0.4313,0.4313,LTB4R2,mondo_xref,MONDO:19435,False,19435,32726,rheumatoid factor-positive polyarticular juvenile idiopathic arthritis,1,G alpha (q) signalling events; Leukotriene receptors,animal_model
EFO_0000326,central nervous system cancer,1,0.4214,0.4214,HASPIN,mondo_xref,MONDO:2714,False,2714,35788,central nervous system cancer,1,,rna_expression
EFO_0004255,nephrotic syndrome,1,0.4178,0.4178,LTB4R2,mondo_xref,MONDO:5377,False,5377,36604,nephrotic syndrome,1,G alpha (q) signalling events; Leukotriene receptors,animal_model
MONDO_0008227,peripheral dysostosis,1,0.4158,0.4158,LTB4R2,mondo_direct,MONDO_0008227,False,8227,30386,peripheral dysostosis,1,G alpha (q) signalling events; Leukotriene receptors,animal_model
EFO_1001974,uterine leiomyosarcoma,1,0.41562031727811777,0.41562031727811777,HASPIN,mondo_xref,MONDO:16262,False,16262,37241,leiomyosarcoma of the corpus uteri,1,,rna_expression
MONDO_0015009,lymphatic malformation 7,1,0.4121,0.4121,LTB4R2,mondo_direct,MONDO_0015009,False,15009,29509,"hydrops fetalis, nonimmune, and/or atrial septal defect, susceptibility to",1,G alpha (q) signalling events; Leukotriene receptors,animal_model
MONDO_0005148,type 2 diabetes mellitus,1,0.41,0.41,LTB4R2,mondo_direct,MONDO_0005148,False,5148,28208,type 2 diabetes mellitus,1,G alpha (q) signalling events; Leukotriene receptors,literature
