target_id,disease_id,disease_name,overall_score,gene_symbol,evidence_types
ENSG00000102539,MONDO_0008170,ovarian cancer,1.0,MLNR,affected_pathway(1.0)
ENSG00000102539,EFO_0000181,head and neck squamous cell carcinoma,0.8839926856944473,MLNR,affected_pathway(0.88); literature(0.05)
ENSG00000112697,EFO_0000616,neoplasm,0.99,CDC50A,literature(0.99)
ENSG00000112697,EFO_0005772,neurodegenerative disease,0.8643145395712724,CDC50A,affected_pathway(0.86); literature(0.02)
ENSG00000112697,MONDO_0008170,ovarian cancer,0.62,CDC50A,literature(0.62)
ENSG00000177602,MONDO_0018899,posterior cortical atrophy,1.0,HASPIN,literature(1.0)
ENSG00000177602,MONDO_0004986,urinary bladder carcinoma,1.0,HASPIN,literature(1.0)
ENSG00000177602,MONDO_0007254,breast cancer,1.0,HASPIN,literature(1.0)
ENSG00000177602,EFO_0005221,cholangiocarcinoma,1.0,HASPIN,literature(1.0)
ENSG00000177602,MONDO_0008170,ovarian cancer,1.0,HASPIN,literature(1.0)
ENSG00000177602,MONDO_0002108,thyroid cancer,1.0,HASPIN,literature(1.0)
ENSG00000177602,MONDO_0013504,spermatogenic failure 8,0.6786,HASPIN,animal_model(0.68)
ENSG00000177602,MONDO_0018394,male infertility with teratozoospermia due to single gene mutation,0.6620999999999999,HASPIN,animal_model(0.66)
ENSG00000177602,MONDO_0030926,spermatogenic failure 51,0.6536,HASPIN,animal_model(0.65)
ENSG00000177602,EFO_0000756,melanoma,0.65,HASPIN,literature(0.65)
ENSG00000177602,EFO_0000279,azoospermia,0.6347999999999999,HASPIN,animal_model(0.63)
ENSG00000177602,EFO_0000616,neoplasm,0.62,HASPIN,literature(0.62)
ENSG00000177602,MONDO_0054728,spermatogenic failure 24,0.6036,HASPIN,animal_model(0.6)
ENSG00000177602,MONDO_0023664,spermatogenic failure 54,0.5684,HASPIN,animal_model(0.57)
ENSG00000177602,MONDO_0004975,Alzheimer disease,0.525,HASPIN,literature(0.52)
ENSG00000177602,MONDO_0007576,esophageal cancer,0.46,HASPIN,literature(0.46)
ENSG00000177602,MONDO_0004992,cancer,0.45,HASPIN,literature(0.45)
ENSG00000177602,EFO_0000326,central nervous system cancer,0.4214,HASPIN,rna_expression(0.42)
ENSG00000177602,EFO_1001974,uterine leiomyosarcoma,0.41562031727811777,HASPIN,rna_expression(0.42)
ENSG00000213903,MONDO_0024622,thyroid gland adenocarcinoma,1.0,LTB4R,affected_pathway(1.0)
ENSG00000213903,MONDO_0004975,Alzheimer disease,1.0,LTB4R,literature(1.0)
ENSG00000213903,EFO_1001951,colorectal carcinoma,1.0,LTB4R,literature(1.0)
ENSG00000213903,MONDO_0007763,nonpapillary renal cell carcinoma,0.98,LTB4R,literature(0.98)
ENSG00000213903,MONDO_0013860,idiopathic membranous glomerulonephritis,0.9636,LTB4R,animal_model(0.96)
ENSG00000213903,EFO_1001897,Morvan syndrome,0.9636,LTB4R,animal_model(0.96)
ENSG00000213903,MONDO_0007361,C1 inhibitor deficiency,0.9608,LTB4R,animal_model(0.96)
ENSG00000213903,EFO_0005140,autoimmune disease,0.9584999999999999,LTB4R,animal_model(0.96); literature(0.04)
ENSG00000213903,EFO_0003779,Hashimoto's thyroiditis,0.8114,LTB4R,animal_model(0.81)
ENSG00000213903,EFO_0004719,pemphigus vulgaris,0.7818999999999999,LTB4R,animal_model(0.78)
ENSG00000213903,EFO_0000612,myocardial infarction,0.77,LTB4R,literature(0.77)
ENSG00000213903,MONDO_0011988,neutrophil immunodeficiency syndrome,0.7537999999999999,LTB4R,animal_model(0.75)
ENSG00000213903,MONDO_0007319,chondrocalcinosis 2,0.7306999999999999,LTB4R,animal_model(0.73)
ENSG00000213903,MONDO_0005178,osteoarthritis,0.7189,LTB4R,animal_model(0.72); literature(0.02)
ENSG00000213903,EFO_0000349,clear cell renal carcinoma,0.7,LTB4R,literature(0.7)
ENSG00000213903,MONDO_0100244,paroxysmal nocturnal hemoglobinuria,0.7,LTB4R,known_drug(0.7)
ENSG00000213903,EFO_0007187,bullous pemphigoid,0.7,LTB4R,known_drug(0.7)
ENSG00000213903,MONDO_0013743,autosomal systemic lupus erythematosus type 16,0.6652,LTB4R,animal_model(0.67)
ENSG00000213903,Orphanet_169142,Recurrent infection due to specific granule deficiency,0.6561,LTB4R,animal_model(0.66)
ENSG00000213903,MONDO_0004992,cancer,0.65,LTB4R,literature(0.65)
ENSG00000213903,MONDO_0009296,glycoprotein storage disease,0.6033,LTB4R,animal_model(0.6)
ENSG00000213903,EFO_0007269,Felty's syndrome,0.603,LTB4R,animal_model(0.6)
ENSG00000213903,Orphanet_169150,Immunodeficiency due to a late component of complements deficiency,0.5742,LTB4R,animal_model(0.57)
ENSG00000213903,Orphanet_101992,Immunodeficiency due to a complement cascade protein anomaly,0.5700999999999999,LTB4R,animal_model(0.57)
ENSG00000213903,MONDO_0030302,immunodeficiency 81,0.5511,LTB4R,animal_model(0.55)
ENSG00000213903,MONDO_0013419,complement component C1s deficiency,0.5479999999999999,LTB4R,animal_model(0.55)
ENSG00000213903,MONDO_0021637,low grade glioma,0.5413406865793863,LTB4R,affected_pathway(0.54)
ENSG00000213903,MONDO_0014278,immunodeficiency 18,0.5356000000000001,LTB4R,animal_model(0.54)
ENSG00000213903,MONDO_0958182,C1Q deficiency 1,0.5355,LTB4R,animal_model(0.54)
ENSG00000213903,MONDO_0007114,Angel-shaped phalango-epiphyseal dysplasia,0.531,LTB4R,animal_model(0.53)
ENSG00000213903,EFO_0007160,autoimmune thrombocytopenic purpura,0.5259,LTB4R,animal_model(0.53)
ENSG00000213903,MONDO_0009842,Pelger-Huet-like anomaly and episodic fever with abdominal pain,0.5204,LTB4R,animal_model(0.52)
ENSG00000213903,MONDO_0030484,immunodeficiency 89 and autoimmunity,0.5172,LTB4R,animal_model(0.52)
ENSG00000213903,MONDO_0032763,immunodeficiency 62,0.5113,LTB4R,animal_model(0.51)
ENSG00000213903,MONDO_0012330,talo-patello-scaphoid osteolysis,0.506,LTB4R,animal_model(0.51)
ENSG00000213903,MONDO_0033554,immunodeficiency 73b with defective neutrophil chemotaxis and lymphopenia,0.49979999999999997,LTB4R,animal_model(0.5)
ENSG00000213903,MONDO_0019093,immunodeficiency due to selective anti-polysaccharide antibody deficiency,0.4974,LTB4R,animal_model(0.5)
ENSG00000213903,MONDO_0016462,isolated agammaglobulinemia,0.4966,LTB4R,animal_model(0.5)
ENSG00000213903,MONDO_0024781,immunodeficiency 102,0.49560000000000004,LTB4R,animal_model(0.5)
ENSG00000213903,EFO_0000341,chronic obstructive pulmonary disease,0.49,LTB4R,literature(0.49); known_drug(0.2)
ENSG00000213903,MONDO_0030529,"agammaglobulinemia 10, autosomal dominant",0.48810000000000003,LTB4R,animal_model(0.49)
ENSG00000213903,MONDO_0014391,severe combined immunodeficiency due to CTPS1 deficiency,0.48479999999999995,LTB4R,animal_model(0.48)
ENSG00000213903,MONDO_0015517,common variable immunodeficiency,0.483,LTB4R,animal_model(0.48)
ENSG00000213903,MONDO_0014081,severe combined immunodeficiency due to CARD11 deficiency,0.4819,LTB4R,animal_model(0.48)
ENSG00000213903,MONDO_0014083,"agammaglobulinemia 7, autosomal recessive",0.4808,LTB4R,animal_model(0.48)
ENSG00000213903,MONDO_0030069,"hyper-IgE recurrent infection syndrome 5, autosomal recessive",0.4792,LTB4R,animal_model(0.48)
ENSG00000213903,MONDO_0011804,autoimmune lymphoproliferative syndrome type 2B,0.4752,LTB4R,animal_model(0.48)
ENSG00000213903,EFO_1001451,X-Linked Combined Immunodeficiency Diseases,0.47240000000000004,LTB4R,animal_model(0.47)
ENSG00000213903,MONDO_0010514,combined immunodeficiency due to moesin deficiency,0.4702,LTB4R,animal_model(0.47)
ENSG00000213903,MONDO_0013284,"immunodeficiency, common variable, 4",0.4657,LTB4R,animal_model(0.47)
ENSG00000213906,MONDO_0008903,lung cancer,1.0,LTB4R2,literature(1.0)
ENSG00000213906,HP_0100806,Sepsis,1.0,LTB4R2,literature(1.0)
ENSG00000213906,MONDO_0024622,thyroid gland adenocarcinoma,1.0,LTB4R2,affected_pathway(1.0)
ENSG00000213906,MONDO_0007254,breast cancer,1.0,LTB4R2,literature(1.0)
ENSG00000213906,EFO_0000182,hepatocellular carcinoma,1.0,LTB4R2,literature(1.0)
ENSG00000213906,EFO_0000304,breast adenocarcinoma,0.9886056647693163,LTB4R2,affected_pathway(0.99)
ENSG00000213906,MONDO_0019938,anorectal malformation,0.8573638185194478,LTB4R2,genetic_association(0.86)
ENSG00000213906,MONDO_0007319,chondrocalcinosis 2,0.7306999999999999,LTB4R2,animal_model(0.73)
ENSG00000213906,MONDO_0005178,osteoarthritis,0.7189,LTB4R2,animal_model(0.72); literature(0.02)
ENSG00000213906,EFO_0007187,bullous pemphigoid,0.7,LTB4R2,known_drug(0.7)
ENSG00000213906,MONDO_0100244,paroxysmal nocturnal hemoglobinuria,0.7,LTB4R2,known_drug(0.7)
ENSG00000213906,MONDO_0011988,neutrophil immunodeficiency syndrome,0.6929000000000001,LTB4R2,animal_model(0.69)
ENSG00000213906,MONDO_0009296,glycoprotein storage disease,0.6033,LTB4R2,animal_model(0.6)
ENSG00000213906,MONDO_0013278,lymphatic malformation 3,0.5820000000000001,LTB4R2,animal_model(0.58)
ENSG00000213906,MONDO_0013577,Lipedema,0.5351,LTB4R2,animal_model(0.54)
ENSG00000213906,MONDO_0007114,Angel-shaped phalango-epiphyseal dysplasia,0.531,LTB4R2,animal_model(0.53)
ENSG00000213906,Orphanet_169142,Recurrent infection due to specific granule deficiency,0.5244,LTB4R2,animal_model(0.52)
ENSG00000213906,MONDO_0012330,talo-patello-scaphoid osteolysis,0.506,LTB4R2,animal_model(0.51)
ENSG00000213906,MONDO_0032907,lymphatic malformation 8,0.4775,LTB4R2,animal_model(0.48)
ENSG00000213906,Orphanet_79452,Milroy disease,0.4738,LTB4R2,animal_model(0.47)
ENSG00000213906,EFO_0009028,Camptodactyly-arthropathy-coxa-vara-pericarditis syndrome,0.46149999999999997,LTB4R2,animal_model(0.46)
ENSG00000213906,EFO_0005537,triple-negative breast cancer,0.45,LTB4R2,literature(0.45)
ENSG00000213906,MONDO_0004992,cancer,0.45,LTB4R2,literature(0.45)
ENSG00000213906,HP_0100526,Neoplasm of the lung,0.44,LTB4R2,literature(0.44)
ENSG00000213906,EFO_0000699,Sjogren syndrome,0.43479999999999996,LTB4R2,animal_model(0.43)
ENSG00000213906,EFO_0009731,"polyarticular juvenile idiopathic arthritis, rheumatoid factor positive",0.4313,LTB4R2,animal_model(0.43)
ENSG00000213906,EFO_0007269,Felty's syndrome,0.42229999999999995,LTB4R2,animal_model(0.42)
ENSG00000213906,EFO_0004255,nephrotic syndrome,0.4178,LTB4R2,animal_model(0.42)
ENSG00000213906,MONDO_0008227,peripheral dysostosis,0.4158,LTB4R2,animal_model(0.42)
ENSG00000213906,MONDO_0015009,lymphatic malformation 7,0.4121,LTB4R2,animal_model(0.41)
ENSG00000213906,MONDO_0005148,type 2 diabetes mellitus,0.41,LTB4R2,literature(0.41)
ENSG00000213906,EFO_0000616,neoplasm,0.4,LTB4R2,literature(0.4)
