id,uniprot_id,stage2_rank,peak_rank,site_rank,start,end,length,mean_score,sequence,spearman_attention_vs_ablation,spearman_gradient_vs_ablation,spearman_attention_vs_gradient
Q8TF76_Q301L,Q8TF76,8,1,1,622,635,14,0.8385905239288699,LATAKSILHQLTAS,0.06502877120082957,0.16767220734503793,0.7137638876739056
Q8TF76_Q301L,Q8TF76,8,1,2,735,744,10,0.8258479532163744,EYHPYSNVLW,0.06502877120082957,0.16767220734503793,0.7137638876739056
Q8TF76_Q301L,Q8TF76,8,1,3,567,583,17,0.8250356282864023,GSYPPLLLKAWDHYNST,0.06502877120082957,0.16767220734503793,0.7137638876739056
Q8TF76_Q301L,Q8TF76,8,1,4,642,655,14,0.8209004654493376,SLRFEHRDLHWGNV,0.06502877120082957,0.16767220734503793,0.7137638876739056
Q8TF76_Q301L,Q8TF76,8,1,5,557,562,6,0.7858813700918965,IGLNSV,0.06502877120082957,0.16767220734503793,0.7137638876739056
WT_Q15722,Q15722,16,2,1,66,93,28,0.7913081709956709,AVLLTAPFFLHFLAQGTWSFGLAGCRLC,-0.031970642004955876,0.09631021421534935,0.7721252622102479
WT_Q15722,Q15722,16,2,2,151,158,8,0.7429450757575757,PVLAYRTV,-0.031970642004955876,0.09631021421534935,0.7721252622102479
WT_Q9NV96,Q9NV96,5,3,1,313,317,5,0.7809787626962142,STISW,-0.014798853157598326,0.029694128245432057,0.8373471480387503
WT_Q9NV96,Q9NV96,5,3,2,120,129,10,0.7583194829178209,MYYGLSNFYQ,-0.014798853157598326,0.029694128245432057,0.8373471480387503
WT_Q9NV96,Q9NV96,5,3,3,165,169,5,0.7493998153277932,DKPIA,-0.014798853157598326,0.029694128245432057,0.8373471480387503
WT_Q9NV96,Q9NV96,5,3,4,40,55,16,0.7417936288088642,AWQPILTAGTVLPIFF,-0.014798853157598326,0.029694128245432057,0.8373471480387503
WT_O43193,O43193,9,4,1,311,315,5,0.7965695792880259,WLPFH,0.05839013750218384,0.029322908071053148,0.8040492854732018
WT_O43193,O43193,9,4,2,390,412,23,0.7726361333896158,VAGDTGGDTVGYTETSANVKTMG,0.05839013750218384,0.029322908071053148,0.8040492854732018
WT_O43193,O43193,9,4,3,328,336,9,0.7516900395541172,RMMYFSQYF,0.05839013750218384,0.029322908071053148,0.8040492854732018
WT_Q9NPC1,Q9NPC1,7,5,1,111,113,3,0.8116076970825574,LTG,0.013865479171075652,-0.017895851277403223,0.8099342505399789
WT_Q9NPC1,Q9NPC1,7,5,2,70,94,25,0.765929236499069,AVLLLTPLFVAFLTRQAWPLGQAGC,0.013865479171075652,-0.017895851277403223,0.8099342505399789
WT_Q9NPC1,Q9NPC1,7,5,3,264,273,10,0.7294413407821227,GAGQAARAGT,0.013865479171075652,-0.017895851277403223,0.8099342505399789
