row,given_id,uniprot_id,matched_id,status,sequence_length
0,Q9NZW4_Y6D,Q9NZW4,Q9NZW4_Y6D,id_exact,1024
1,WT_O15260-3,O15260-3,WT_O15260-3,id_exact,128
2,WT_Q6TCH4-4,Q6TCH4-4,WT_Q6TCH4-4,id_exact,320
3,WT_Q6TCH4,Q6TCH4,WT_Q6TCH4,id_exact,344
4,WT_Q6TCH4-5,Q6TCH4-5,WT_Q6TCH4-5,id_exact,341
5,WT_Q9NV96-3,Q9NV96-3,WT_Q9NV96-3,id_exact,242
6,Q86YZ3_S2435G,Q86YZ3,Q86YZ3_S2435G,id_exact,1024
7,P11279_I309T,P11279,P11279_I309T,id_exact,417
8,WT_O15260-2,O15260-2,WT_O15260-2,id_exact,159
9,WT_P29622,P29622,WT_P29622,id_exact,427
10,WT_Q8WVE7,Q8WVE7,WT_Q8WVE7,id_exact,144
11,P48651_Q353R,P48651,P48651_Q353R,id_exact,473
12,Q6UWP8_A419G,Q6UWP8,Q6UWP8_A419G,id_exact,590
13,WT_Q9NV96,Q9NV96,WT_Q9NV96,id_exact,361
14,P13645_Y449C,P13645,P13645_Y449C,id_exact,584
15,P16671_R386W,P16671,P16671_R386W,id_exact,472
16,WT_Q96RQ1,Q96RQ1,WT_Q96RQ1,id_exact,377
17,Q8TF76_Q301L,Q8TF76,Q8TF76_Q301L,id_exact,798
18,WT_P81605,P81605,WT_P81605,id_exact,110
19,WT_Q8WUY8,Q8WUY8,WT_Q8WUY8,id_exact,206
20,WT_O95674-2,O95674-2,WT_O95674-2,id_exact,250
21,WT_Q14990,Q14990,WT_Q14990,id_exact,250
22,P34810_I329T,P34810,P34810_I329T,id_exact,354
23,WT_Q96N19-5,Q96N19-5,WT_Q96N19-5,id_exact,320
24,WT_Q9NPD7,Q9NPD7,WT_Q9NPD7,id_exact,142
25,Q96Q11_M30V,Q96Q11,Q96Q11_M30V,id_exact,434
26,WT_Q9NQ76,Q9NQ76,WT_Q9NQ76,id_exact,525
27,WT_Q96N19-2,Q96N19-2,WT_Q96N19-2,id_exact,396
28,P20916_R118H,P20916,P20916_R118H,id_exact,626
29,Q9NPP4_H443P,Q9NPP4,Q9NPP4_H443P,id_exact,1024
30,WT_Q9UKP6,Q9UKP6,WT_Q9UKP6,id_exact,389
31,P35527_Q172P,P35527,P35527_Q172P,id_exact,623
32,WT_B7Z8K6,B7Z8K6,WT_B7Z8K6,id_exact,153
33,WT_Q86UQ4_win_921_1945,Q86UQ4,WT_Q86UQ4_win_921_1945,id_exact,1024
34,Q06643_L87F,Q06643,Q06643_L87F,id_exact,244
35,WT_Q5EB52-3,Q5EB52-3,WT_Q5EB52-3,id_exact,292
36,WT_O14842,O14842,WT_O14842,id_exact,300
37,WT_O43193,O43193,WT_O43193,id_exact,412
38,WT_Q8IWT0,Q8IWT0,WT_Q8IWT0,id_exact,167
39,Q9UJJ9_A25E,Q9UJJ9,Q9UJJ9_A25E,id_exact,305
40,WT_Q5S007_win_749_1773,Q5S007,WT_Q5S007_win_749_1773,id_exact,1024
41,WT_Q8IWT0-3,Q8IWT0-3,WT_Q8IWT0-3,id_exact,179
42,WT_Q6NXT4-3,Q6NXT4-3,WT_Q6NXT4-3,id_exact,438
43,WT_Q9BYW2_win_852_1876,Q9BYW2,WT_Q9BYW2_win_852_1876,id_exact,1024
44,P20794_R166H,P20794,P20794_R166H,id_exact,623
45,P13224_A133P,P13224,P13224_A133P,id_exact,206
46,WT_O43193-2,O43193-2,WT_O43193-2,id_exact,386
47,Q86UK0_W199C,Q86UK0,Q86UK0_W199C,id_exact,1024
48,WT_P40197,P40197,WT_P40197,id_exact,560
49,WT_P01848,P01848,WT_P01848,id_exact,140
50,P31644_S413F,P31644,P31644_S413F,id_exact,462
51,WT_Q8WVC0-2,Q8WVC0-2,WT_Q8WVC0-2,id_exact,606
52,WT_Q9Y644,Q9Y644,WT_Q9Y644,id_exact,331
53,Q9HC29_W157R,Q9HC29,Q9HC29_W157R,id_exact,1024
54,WT_P05026-2,P05026-2,WT_P05026-2,id_exact,301
55,WT_Q9NPC1,Q9NPC1,WT_Q9NPC1,id_exact,358
56,P04264_L485P,P04264,P04264_L485P,id_exact,644
57,Q12797_R735W,Q12797,Q12797_R735W,id_exact,758
58,WT_Q96I25,Q96I25,WT_Q96I25,id_exact,401
59,WT_Q9HCT0,Q9HCT0,WT_Q9HCT0,id_exact,170
60,Q5VYY1_Y79H,Q5VYY1,Q5VYY1_Y79H,id_exact,191
61,Q9Y239_A610T,Q9Y239,Q9Y239_A610T,id_exact,953
62,Q9GZU5_P170R,Q9GZU5,Q9GZU5_P170R,id_exact,476
63,Q969X5_V98E,Q969X5,Q969X5_V98E,id_exact,290
64,Q6UWL6_A170T,Q6UWL6,Q6UWL6_A170T,id_exact,708
65,WT_Q96QR1,Q96QR1,WT_Q96QR1,id_exact,104
66,WT_P50579-3,P50579-3,WT_P50579-3,id_exact,455
67,WT_A6NM36,A6NM36,WT_A6NM36,id_exact,301
68,WT_P06729,P06729,WT_P06729,id_exact,351
69,WT_P50579,P50579,WT_P50579,id_exact,478
70,WT_Q13641,Q13641,WT_Q13641,id_exact,420
71,Q8NET6_P146S,Q8NET6,Q8NET6_P146S,id_exact,341
72,O75462_R312P,O75462,O75462_R312P,id_exact,422
73,WT_Q6PJG9,Q6PJG9,WT_Q6PJG9,id_exact,635
74,O00526_T160M,O00526,O00526_T160M,id_exact,184
75,WT_Q9HB15,Q9HB15,WT_Q9HB15,id_exact,430
76,P35346_R234C,P35346,P35346_R234C,id_exact,364
77,Q4ZHG4_Q1003E,Q4ZHG4,Q4ZHG4_Q1003E,id_exact,1024
78,Q8IYX1_R113Q,Q8IYX1,Q8IYX1_R113Q,id_exact,336
79,WT_Q5M775_win_44_1068,Q5M775,WT_Q5M775_win_44_1068,id_exact,1024
80,WT_Q8WVP5,Q8WVP5,WT_Q8WVP5,id_exact,186
81,Q6P050_V115L,Q6P050,Q6P050_V115L,id_exact,231
82,A4D2B0_H114N,A4D2B0,A4D2B0_H114N,id_exact,266
83,WT_Q13319,Q13319,WT_Q13319,id_exact,367
84,P62241_R110G,P62241,P62241_R110G,id_exact,208
85,Q9NV35_V18I,Q9NV35,Q9NV35_V18I,id_exact,164
86,Q8NES3_D201N,Q8NES3,Q8NES3_D201N,id_exact,379
87,O43852_R4Q,O43852,O43852_R4Q,id_exact,315
88,WT_A8MPS7,A8MPS7,WT_A8MPS7,id_exact,323
89,WT_Q96Q15_win_2376_3400,Q96Q15,WT_Q96Q15_win_2376_3400,id_exact,1024
90,Q86UT6_P63S,Q86UT6,Q86UT6_P63S,id_exact,975
91,WT_P56373,P56373,WT_P56373,id_exact,397
92,WT_Q15722,Q15722,WT_Q15722,id_exact,352
93,WT_Q8NAB2,Q8NAB2,WT_Q8NAB2,id_exact,612
94,P41247_V48G,P41247,P41247_V48G,id_exact,253
95,WT_O00155,O00155,WT_O00155,id_exact,361
96,Q8WXD2_M233V,Q8WXD2,Q8WXD2_M233V,id_exact,468
97,WT_P50579-2,P50579-2,WT_P50579-2,id_exact,455
98,WT_Q96B97,Q96B97,WT_Q96B97,id_exact,665
99,O94822_V761I,O94822,O94822_V761I,id_exact,1024
