peak_rank,id,uniprot_id,stage2_rank,rank_score,sequence_length,peak_start,peak_end,peak_window,peak_mass,peak_enrichment,peak_zscore,entropy_concentration,max_residue,max_weight,peak_sequence,attention_peak_score
1,Q8TF76_Q301L,Q8TF76,8,7.3329668045043945,798,525,539,15,0.07270776324358674,3.868053004558815,17.43956469024723,0.09366906559067334,534,0.049148942652979456,HQKTFEEILPEIIIS,3.868053004558815
2,WT_Q15722,Q15722,16,7.126550674438477,352,68,82,15,0.14014247461448265,3.2886767376198596,16.30340312640918,0.10262756631691017,68,0.09758141859063786,LLTAPFFLHFLAQGT,3.2886767376198596
3,WT_Q9NV96,Q9NV96,5,7.420675754547119,361,119,133,15,0.13287869870443497,3.1979473488200685,14.85937140597914,0.08690130670644158,125,0.07016215545636653,FMYYGLSNFYQNHRR,3.1979473488200685
4,WT_O43193,O43193,9,7.328622817993164,412,88,102,15,0.11045339798564094,3.033786664672271,15.011968426580745,0.08299774563332085,88,0.061174417336875814,LLGLPFDLYRLWRSR,3.033786664672271
5,WT_Q9NPC1,Q9NPC1,7,7.335771560668945,358,70,84,15,0.12362650737375507,2.950552642653621,13.662776002918555,0.10047214293986162,72,0.06936488765487844,AVLLLTPLFVAFLTR,2.950552642653621
6,WT_Q13319,Q13319,2,7.609234809875488,367,257,271,15,0.11925722971544828,2.9178268870379678,10.572476673330982,0.09274406529961554,265,0.0516502311462653,ELQAAFLTCLYLAYS,2.9178268870379678
7,WT_Q6TCH4-4,Q6TCH4-4,19,7.012025356292725,320,305,319,15,0.13079935374044727,2.790386213129542,10.657434141414964,0.09932211726318396,257,0.061698062961849626,LLQGGPLEGGTQAKQ,2.790386213129542
8,P41247_V48G,P41247,17,7.049892902374268,253,7,21,15,0.15575089787178126,2.626998477437377,11.230774477982536,0.07406957253076074,18,0.062226977490919995,SFAACGFLGIYHLGA,2.626998477437377
9,WT_P50579,P50579,3,7.468333721160889,478,379,393,15,0.08123245587538652,2.5886075938956505,11.799134924906573,0.07736202456721841,381,0.03868090243376833,ECSHYMKNFDVGHVP,2.5886075938956505
10,WT_O95674-2,O95674-2,15,7.149853706359863,250,1,15,15,0.1528927974380438,2.548213290634063,6.295347093953517,0.08360855590895366,3,0.03506891269392439,MSRLRHPRTRWKNWW,2.548213290634063
11,WT_P50579-3,P50579-3,4,7.46624755859375,455,356,370,15,0.08244778651905138,2.500916191077892,11.376755486644395,0.07733980963112586,358,0.03826888448088191,ECSHYMKNFDVGHVP,2.500916191077892
12,WT_P50579-2,P50579-2,6,7.360133647918701,455,356,370,15,0.08134671161401597,2.4675169189584842,11.101208943347801,0.07713351060086637,358,0.03733055839923017,ECSHYMKNFDVGHVP,2.4675169189584842
13,WT_Q9HB15,Q9HB15,13,7.1642889976501465,430,376,390,15,0.08514862693419922,2.4409273054470444,10.84595371194388,0.08254435537049287,205,0.03800765114604437,ASNKVSLALLQKQLS,2.4409273054470444
14,WT_O14842,O14842,14,7.153780937194824,300,201,215,15,0.11683391022442424,2.336678204488485,11.819349545571777,0.09964165389754531,56,0.07161343083097192,CYVGCLRALARSGLT,2.336678204488485
15,WT_P56373,P56373,12,7.171243190765381,397,75,89,15,0.08620227604119979,2.281486905890421,10.660308821165536,0.0909752121770192,88,0.045964884998720326,MDVSDYVTPPQGTSV,2.281486905890421
16,Q6UWP8_A419G,Q6UWP8,18,7.042057037353516,590,22,36,15,0.05695407897533023,2.2401937730296555,8.78566721753746,0.051399287422096096,62,0.016972849115893158,WAASDDPIEKVIEGI,2.2401937730296555
17,WT_Q96RQ1,Q96RQ1,10,7.283230781555176,377,165,179,15,0.08415848304160439,2.1151832071123238,10.999337376525554,0.10964122790810382,175,0.055119898669476496,QSPNACRIHGHLYVN,2.1151832071123238
18,WT_Q9HCT0,Q9HCT0,1,7.665355205535889,170,46,60,15,0.1485424342522742,1.6834809215257742,7.822591912444197,0.06066018741263124,56,0.05088010848177694,FSSTHFFLRVDPGGR,1.6834809215257742
19,WT_Q96N19-2,Q96N19-2,11,7.172921657562256,396,236,250,15,0.061780875065392094,1.6310151017263512,7.192580280696478,0.05726327044956758,236,0.021196152409729968,NLTALALAPQSRLDT,1.6310151017263512
20,WT_Q8WVE7,Q8WVE7,20,7.012021541595459,144,71,85,15,0.16841329417201872,1.6167676240513797,8.586669197403001,0.06754362605713304,78,0.07115761994185059,FTLRHHKYGRFMSVS,1.6167676240513797
