drug_id,drug_name,disease_key,disease_name,score,rank,rank_asc,n_drugs,rank_percentile,rank_asc_percentile
DB04837,,11786_5324_24332,,0.00015066320082143266,6438,1520,7957,0.8090989066230991,0.19102676888274475
DB08842,,11913_7088_11743_12153_7089_11194_12321_15140_4975_11561_11647_11777_12344_12609_12630_12631_14265_10422_14036_14316_100088,,0.06833653406765967,5808,2150,7957,0.7299233379414353,0.2702023375644087
DB13092,,1195.0,,0.041119259949861625,5668,2290,7957,0.7123287671232876,0.2877969083825562
DB11783,,1200_1134_15512_5080_100078,,0.00010799434756044803,7089,869,7957,0.8909136609274853,0.10921201457835868
DB01029,,1200_1134_15512_5080_100078,,6.786318305522401e-05,7255,703,7957,0.9117757948975744,0.08834988060826945
DB01063,,1265.0,,0.0024383246309488188,6486,1472,7957,0.8151313309036069,0.18499434460223702
DB06777,,12672.0,,0.029858806504037064,6129,1829,7957,0.7702651753173306,0.22986050018851326
DB01588,,13600.0,,0.0005712832928433186,6836,1122,7957,0.8591177579489757,0.14100791755686817
DB00472,,1442.0,,1.246424422448948e-05,7112,846,7957,0.8938041975618952,0.10632147794394872
DB00860,,15057.0,,0.00024191663831009717,6978,980,7957,0.8769636797788111,0.1231619957270328
DB14539,,15057.0,,4.80271515187798e-05,7442,516,7957,0.9352771144903859,0.06484856101545809
DB00420,,15057.0,,0.00041200436621862205,6823,1135,7957,0.8574839763730049,0.142641699132839
DB00432,,15288.0,,0.03141680033800021,6470,1488,7957,0.8131205228101043,0.1870051526957396
DB04572,,15760_18908_15759,,0.00043785332488571196,6934,1024,7957,0.8714339575216791,0.1286917179841649
DB00254,,15766.0,,0.0029899660926414073,6306,1652,7957,0.7925097398517029,0.20761593565414102
DB00415,,17944.0,,0.00010711448292296906,6553,1405,7957,0.823551589795149,0.176574085710695
DB00997,,18435.0,,0.00026992632053304187,7128,830,7957,0.8958150056553977,0.10431066985044615
DB01262,,18437.0,,0.008653597706436388,6363,1595,7957,0.7996732436848059,0.20045243182103809
DB00073,,18876_6430,,0.0029514704594651745,6343,1615,7957,0.7971597335679276,0.2029659419379163
DB00213,,19610.0,,3.807938684524003e-05,7233,725,7957,0.9090109337690084,0.0911147417368355
DB00262,,20329.0,,2.0125739428280447e-05,6793,1165,7957,0.8537137111976876,0.14641196430815634
DB01139,,20920.0,,0.06423504678018248,5191,2767,7957,0.6523815508357421,0.3477441246701018
DB11576,,21178.0,,0.05550806392034949,6287,1671,7957,0.7901219052406686,0.2100037702651753
DB00741,,2289.0,,1.1304807370483204e-05,7354,604,7957,0.9242176699761216,0.07590800552972225
DB00169,,24298.0,,0.0004961640926203673,7129,829,7957,0.8959406811612417,0.10418499434460224
DB01331,,4471.0,,0.024249332004325393,6061,1897,7957,0.7617192409199447,0.23840643458589922
DB01234,,4577.0,,0.0004838594464863334,6732,1226,7957,0.846047505341209,0.1540781701646349
DB00493,,4652.0,,0.0010846432141067325,6522,1436,7957,0.8196556491139877,0.18047002639185622
DB00588,,4670_5282_19561,,7.917774807748448e-05,6944,1014,7957,0.8726907125801181,0.1274349629257258
DB00387,,482.0,,0.009634980883555659,6399,1559,7957,0.8041975618951867,0.1959281136106573
DB00493,,4854.0,,0.004161534490116705,6403,1555,7957,0.8047002639185623,0.19542541158728163
DB01222,,5011_5535,,6.228763716004522e-05,6657,1301,7957,0.8366218424029157,0.16350383310292824
DB00512,,5025_6669,,0.003057524587129364,6431,1527,7957,0.8082191780821918,0.19190649742365212
DB00860,,5062.0,,0.0008511769834435014,6881,1077,7957,0.8647731557119518,0.13535251979389218
DB12749,,5098.0,,0.0008168046491180063,6224,1734,7957,0.7822043483725022,0.21792132713334172
DB00649,,5109.0,,0.1255308413924577,6230,1728,7957,0.7829584014075657,0.21716727409827824
DB00013,,5279.0,,0.0040924829108971985,7074,884,7957,0.8890285283398266,0.11109714716601735
DB01059,,5280.0,,0.003064392708708302,6782,1176,7957,0.8523312806334046,0.14779439487243937
DB01165,,5297.0,,0.0009780396964898586,6787,1171,7957,0.8529596581626241,0.1471660173432198
DB00242,,5314.0,,0.033702350144483396,6304,1654,7957,0.7922583888400151,0.20786728666582882
DB06237,,5362.0,,0.002135736379023257,6445,1513,7957,0.8099786351640066,0.19014704034183738
DB00959,,5532.0,,3.835358318648485e-06,7419,539,7957,0.9323865778559759,0.06773909764986805
DB09345,,5538.0,,0.04089485709830941,6254,1704,7957,0.7859746135478195,0.21415106195802439
DB01015,,5989_5697,,0.021727662804686868,6219,1739,7957,0.7815759708432827,0.21854970466256127
DB00330,,6052.0,,7.81795154335034e-05,6964,994,7957,0.8752042226969964,0.12492145280884756
DB09262,,6624.0,,0.18059156599622017,5215,2743,7957,0.655397762975996,0.3447279125298479
DB00911,,7018.0,,0.11214777980054011,6149,1809,7957,0.7727786854342089,0.22734699007163503
DB07402,,7126_8468_24512_13192,,0.003565289418079155,6202,1756,7957,0.7794394872439362,0.22068618826190775
DB01234,,7847.0,,0.0018461066469140672,6862,1096,7957,0.8623853211009175,0.1377403544049265
DB00017,,8159.0,,3.422724072597142e-05,6900,1058,7957,0.8671609903229861,0.13296468518285787
