rank,id,uniprot_id,type,length,ki_prob,kd_prob,n_variants_removed,raw_header
1,Q9NZW4_Y6D,Q9NZW4,mutant,1024,0.9979517,1.0,9,sp|Q9NZW4_MUT_Y6D|DSPP_HUMAN_Y6D
2,WT_O15260-3,O15260-3,wildtype,128,0.9526741,1.0,0,"sp|O15260-3|SURF4_HUMAN Isoform of O15260, Isoform 3 of Surfeit locus protein 4 OS=Homo sapiens OX=9606 GN=SURF4"
3,WT_Q6TCH4-4,Q6TCH4-4,wildtype,320,0.93363535,0.9999999,0,"sp|Q6TCH4-4|PAQR6_HUMAN Isoform of Q6TCH4, Isoform 4 of Membrane progestin receptor delta OS=Homo sapiens OX=9606 GN=PAQR6"
4,WT_Q6TCH4,Q6TCH4,wildtype,344,0.92721736,0.9999993,0,sp|Q6TCH4|PAQR6_HUMAN Membrane progestin receptor delta OS=Homo sapiens OX=9606 GN=PAQR6 PE=1 SV=2
5,WT_Q6TCH4-5,Q6TCH4-5,wildtype,341,0.90253055,0.99999714,0,"sp|Q6TCH4-5|PAQR6_HUMAN Isoform of Q6TCH4, Isoform 5 of Membrane progestin receptor delta OS=Homo sapiens OX=9606 GN=PAQR6"
6,WT_Q9NV96-3,Q9NV96-3,wildtype,242,0.9498249,0.99999225,0,"sp|Q9NV96-3|CC50A_HUMAN Isoform of Q9NV96, Isoform 3 of Cell cycle control protein 50A OS=Homo sapiens OX=9606 GN=CDC50A"
7,Q86YZ3_S2435G,Q86YZ3,mutant,1024,0.97917956,0.99999046,2,sp|Q86YZ3_MUT_S2435G|HORN_HUMAN_S2435G
8,P11279_I309T,P11279,mutant,417,0.8816103,0.9999882,1,sp|P11279_MUT_I309T|LAMP1_HUMAN_I309T
9,WT_O15260-2,O15260-2,wildtype,159,0.88558215,0.99996114,0,"sp|O15260-2|SURF4_HUMAN Isoform of O15260, Isoform 2 of Surfeit locus protein 4 OS=Homo sapiens OX=9606 GN=SURF4"
10,WT_P29622,P29622,wildtype,427,0.8460154,0.99994993,0,sp|P29622|KAIN_HUMAN Kallistatin OS=Homo sapiens OX=9606 GN=SERPINA4 PE=1 SV=3
11,WT_Q8WVE7,Q8WVE7,wildtype,144,0.8934707,0.9999088,0,sp|Q8WVE7|T170A_HUMAN Transmembrane protein 170A OS=Homo sapiens OX=9606 GN=TMEM170A PE=1 SV=1
12,P48651_Q353R,P48651,mutant,473,0.85052955,0.99980956,2,sp|P48651_MUT_Q353R|PTSS1_HUMAN_Q353R
13,Q6UWP8_A419G,Q6UWP8,mutant,590,0.9624706,0.99980265,1,sp|Q6UWP8_MUT_A419G|SBSN_HUMAN_A419G
14,WT_Q9NV96,Q9NV96,wildtype,361,0.9524514,0.99979144,0,sp|Q9NV96|CC50A_HUMAN Cell cycle control protein 50A OS=Homo sapiens OX=9606 GN=CDC50A PE=1 SV=1
15,P13645_Y449C,P13645,mutant,584,0.9918029,0.9997491,20,sp|P13645_MUT_Y449C|K1C10_HUMAN_Y449C
16,P16671_R386W,P16671,mutant,472,0.92598397,0.99973637,9,sp|P16671_MUT_R386W|CD36_HUMAN_R386W
17,WT_Q96RQ1,Q96RQ1,wildtype,377,0.842828,0.999731,0,sp|Q96RQ1|ERGI2_HUMAN Endoplasmic reticulum-Golgi intermediate compartment protein 2 OS=Homo sapiens OX=9606 GN=ERGIC2 PE=1 SV=2
18,Q8TF76_Q301L,Q8TF76,mutant,798,0.961126,0.99924684,10,sp|Q8TF76_MUT_Q301L|HASP_HUMAN_Q301L
19,WT_P81605,P81605,wildtype,110,0.99764097,0.99905604,0,sp|P81605|DCD_HUMAN Dermcidin OS=Homo sapiens OX=9606 GN=DCD PE=1 SV=2
20,WT_Q8WUY8,Q8WUY8,wildtype,206,0.99303246,0.9989091,0,sp|Q8WUY8|NAT14_HUMAN Probable N-acetyltransferase 14 OS=Homo sapiens OX=9606 GN=NAT14 PE=1 SV=1
21,WT_O95674-2,O95674-2,wildtype,250,0.9037703,0.99890435,0,"sp|O95674-2|CDS2_HUMAN Isoform of O95674, Isoform 2 of Phosphatidate cytidylyltransferase 2 OS=Homo sapiens OX=9606 GN=CDS2"
22,WT_Q14990,Q14990,wildtype,250,0.86660326,0.99882454,2,sp|Q14990|ODFP1_HUMAN Outer dense fiber protein 1 OS=Homo sapiens OX=9606 GN=ODF1 PE=1 SV=2
23,P34810_I329T,P34810,mutant,354,0.8531598,0.99878544,1,sp|P34810_MUT_I329T|CD68_HUMAN_I329T
24,WT_Q96N19-5,Q96N19-5,wildtype,320,0.9495853,0.9982584,0,"sp|Q96N19-5|G137A_HUMAN Isoform of Q96N19, Isoform 5 of Integral membrane protein GPR137 OS=Homo sapiens OX=9606 GN=GPR137"
25,WT_Q9NPD7,Q9NPD7,wildtype,142,0.8781745,0.998231,0,sp|Q9NPD7|NRN1_HUMAN Neuritin OS=Homo sapiens OX=9606 GN=NRN1 PE=1 SV=1
26,Q96Q11_M30V,Q96Q11,mutant,434,0.870294,0.9981212,0,sp|Q96Q11_MUT_M30V|TRNT1_HUMAN_M30V
27,WT_Q9NQ76,Q9NQ76,wildtype,525,0.84898686,0.9972223,1,sp|Q9NQ76|MEPE_HUMAN Matrix extracellular phosphoglycoprotein OS=Homo sapiens OX=9606 GN=MEPE PE=1 SV=1
28,WT_Q96N19-2,Q96N19-2,wildtype,396,0.8749036,0.99696004,0,"sp|Q96N19-2|G137A_HUMAN Isoform of Q96N19, Isoform 2 of Integral membrane protein GPR137 OS=Homo sapiens OX=9606 GN=GPR137"
29,P20916_R118H,P20916,mutant,626,0.9334072,0.99659145,4,sp|P20916_MUT_R118H|MAG_HUMAN_R118H
30,Q9NPP4_H443P,Q9NPP4,mutant,1024,0.88535833,0.996555,3,sp|Q9NPP4_MUT_H443P|NLRC4_HUMAN_H443P
31,WT_Q9UKP6,Q9UKP6,wildtype,389,0.9668919,0.9959061,2,sp|Q9UKP6|UR2R_HUMAN Urotensin-2 receptor OS=Homo sapiens OX=9606 GN=UTS2R PE=1 SV=1
32,P35527_Q172P,P35527,mutant,623,0.97965324,0.9953334,19,sp|P35527_MUT_Q172P|K1C9_HUMAN_Q172P
33,WT_B7Z8K6,B7Z8K6,wildtype,153,0.9390254,0.9950258,0,sp|B7Z8K6|TRDC_HUMAN T cell receptor delta constant OS=Homo sapiens OX=9606 GN=TRDC PE=1 SV=2
34,WT_Q86UQ4_win_921_1945,Q86UQ4,wildtype,1024,0.9455332,0.99463046,8,sp|Q86UQ4|ABCAD_HUMAN ATP-binding cassette sub-family A member 13 OS=Homo sapiens OX=9606 GN=ABCA13 PE=1 SV=4
35,Q06643_L87F,Q06643,mutant,244,0.89648294,0.9945523,5,sp|Q06643_MUT_L87F|TNFC_HUMAN_L87F
36,WT_Q5EB52-3,Q5EB52-3,wildtype,292,0.8522077,0.9933943,0,"sp|Q5EB52-3|MEST_HUMAN Isoform of Q5EB52, Isoform 3 of Mesoderm-specific transcript homolog protein OS=Homo sapiens OX=9606 GN=MEST"
37,WT_O14842,O14842,wildtype,300,0.877401,0.99256295,1,sp|O14842|FFAR1_HUMAN Free fatty acid receptor 1 OS=Homo sapiens OX=9606 GN=FFAR1 PE=1 SV=1
38,WT_O43193,O43193,wildtype,412,0.9053183,0.99212974,0,sp|O43193|MTLR_HUMAN Motilin receptor OS=Homo sapiens OX=9606 GN=MLNR PE=1 SV=1
39,WT_Q8IWT0,Q8IWT0,wildtype,167,0.9357708,0.99065864,0,sp|Q8IWT0|ARCH_HUMAN tRNA-splicing ligase-activating factor archease OS=Homo sapiens OX=9606 GN=ZBTB8OS PE=1 SV=2
40,Q9UJJ9_A25E,Q9UJJ9,mutant,305,0.9437431,0.99010324,6,sp|Q9UJJ9_MUT_A25E|GNPTG_HUMAN_A25E
41,WT_Q5S007_win_749_1773,Q5S007,wildtype,1024,0.9191203,0.98967135,23,sp|Q5S007|LRRK2_HUMAN Leucine-rich repeat serine/threonine-protein kinase 2 OS=Homo sapiens OX=9606 GN=LRRK2 PE=1 SV=2
42,WT_Q8IWT0-3,Q8IWT0-3,wildtype,179,0.89397573,0.98855525,0,"sp|Q8IWT0-3|ARCH_HUMAN Isoform of Q8IWT0, Isoform 3 of tRNA-splicing ligase-activating factor archease OS=Homo sapiens OX=9606 GN=ZBTB8OS"
43,WT_Q6NXT4-3,Q6NXT4-3,wildtype,438,0.8564569,0.9884797,0,"sp|Q6NXT4-3|ZNT6_HUMAN Isoform of Q6NXT4, Isoform 3 of Zinc transporter 6 OS=Homo sapiens OX=9606 GN=SLC30A6"
44,WT_Q9BYW2_win_852_1876,Q9BYW2,wildtype,1024,0.89314574,0.98727965,5,sp|Q9BYW2|SETD2_HUMAN Histone-lysine N-methyltransferase SETD2 OS=Homo sapiens OX=9606 GN=SETD2 PE=1 SV=3
45,P20794_R166H,P20794,mutant,623,0.865655,0.9863424,12,sp|P20794_MUT_R166H|MAK_HUMAN_R166H
46,P13224_A133P,P13224,mutant,206,0.9933528,0.98554474,2,sp|P13224_MUT_A133P|GP1BB_HUMAN_A133P
47,WT_O43193-2,O43193-2,wildtype,386,0.85062665,0.98483384,0,"sp|O43193-2|MTLR_HUMAN Isoform of O43193, Isoform B of Motilin receptor OS=Homo sapiens OX=9606 GN=MLNR"
48,Q86UK0_W199C,Q86UK0,mutant,1024,0.9015902,0.9847875,10,sp|Q86UK0_MUT_W199C|ABCAC_HUMAN_W199C
49,WT_P40197,P40197,wildtype,560,0.92859,0.98473155,0,sp|P40197|GPV_HUMAN Platelet glycoprotein V OS=Homo sapiens OX=9606 GN=GP5 PE=1 SV=1
50,WT_P01848,P01848,wildtype,140,0.87920976,0.982999,0,sp|P01848|TRAC_HUMAN T cell receptor alpha chain constant OS=Homo sapiens OX=9606 GN=TRAC PE=1 SV=2
51,P31644_S413F,P31644,mutant,462,0.89026487,0.9828348,3,sp|P31644_MUT_S413F|GBRA5_HUMAN_S413F
52,WT_Q8WVC0-2,Q8WVC0-2,wildtype,606,0.8931722,0.9826529,0,"sp|Q8WVC0-2|LEO1_HUMAN Isoform of Q8WVC0, Isoform 2 of RNA polymerase-associated protein LEO1 OS=Homo sapiens OX=9606 GN=LEO1"
53,WT_Q9Y644,Q9Y644,wildtype,331,0.84991115,0.9824861,0,"sp|Q9Y644|RFNG_HUMAN Beta-1,3-N-acetylglucosaminyltransferase radical fringe OS=Homo sapiens OX=9606 GN=RFNG PE=1 SV=3"
54,Q9HC29_W157R,Q9HC29,mutant,1024,0.92699504,0.98242456,66,sp|Q9HC29_MUT_W157R|NOD2_HUMAN_W157R
55,WT_P05026-2,P05026-2,wildtype,301,0.841607,0.9795958,0,"sp|P05026-2|AT1B1_HUMAN Isoform of P05026, Isoform 2 of Sodium/potassium-transporting ATPase subunit beta-1 OS=Homo sapiens OX=9606 GN=ATP1B1"
56,WT_Q9NPC1,Q9NPC1,wildtype,358,0.9313933,0.97938275,0,sp|Q9NPC1|LT4R2_HUMAN Leukotriene B4 receptor 2 OS=Homo sapiens OX=9606 GN=LTB4R2 PE=1 SV=2
57,P04264_L485P,P04264,mutant,644,0.9139563,0.97859657,22,sp|P04264_MUT_L485P|K2C1_HUMAN_L485P
58,Q12797_R735W,Q12797,mutant,758,0.84059,0.97832245,0,sp|Q12797_MUT_R735W|ASPH_HUMAN_R735W
59,WT_Q96I25,Q96I25,wildtype,401,0.8823943,0.977879,0,sp|Q96I25|SPF45_HUMAN Splicing factor 45 OS=Homo sapiens OX=9606 GN=RBM17 PE=1 SV=1
60,WT_Q9HCT0,Q9HCT0,wildtype,170,0.9202388,0.97391325,0,sp|Q9HCT0|FGF22_HUMAN Fibroblast growth factor 22 OS=Homo sapiens OX=9606 GN=FGF22 PE=1 SV=1
61,Q5VYY1_Y79H,Q5VYY1,mutant,191,0.9403011,0.97244745,4,sp|Q5VYY1_MUT_Y79H|ANR22_HUMAN_Y79H
62,Q9Y239_A610T,Q9Y239,mutant,953,0.88028413,0.97229934,4,sp|Q9Y239_MUT_A610T|NOD1_HUMAN_A610T
63,Q9GZU5_P170R,Q9GZU5,mutant,476,0.8821981,0.9720277,15,sp|Q9GZU5_MUT_P170R|NYX_HUMAN_P170R
64,Q969X5_V98E,Q969X5,mutant,290,0.9218569,0.9706157,1,sp|Q969X5_MUT_V98E|ERGI1_HUMAN_V98E
65,Q6UWL6_A170T,Q6UWL6,mutant,708,0.8710877,0.9693672,4,sp|Q6UWL6_MUT_A170T|KIRR2_HUMAN_A170T
66,WT_Q96QR1,Q96QR1,wildtype,104,0.9825043,0.9690656,0,sp|Q96QR1|SG3A1_HUMAN Secretoglobin family 3A member 1 OS=Homo sapiens OX=9606 GN=SCGB3A1 PE=1 SV=2
67,WT_P50579-3,P50579-3,wildtype,455,0.9717092,0.96041757,0,"sp|P50579-3|MAP2_HUMAN Isoform of P50579, Isoform 3 of Methionine aminopeptidase 2 OS=Homo sapiens OX=9606 GN=METAP2"
68,WT_A6NM36,A6NM36,wildtype,301,0.9120623,0.9601663,0,sp|A6NM36|LRC30_HUMAN Leucine-rich repeat-containing protein 30 OS=Homo sapiens OX=9606 GN=LRRC30 PE=4 SV=1
69,WT_P06729,P06729,wildtype,351,0.85828954,0.959355,3,sp|P06729|CD2_HUMAN T-cell surface antigen CD2 OS=Homo sapiens OX=9606 GN=CD2 PE=1 SV=2
70,WT_P50579,P50579,wildtype,478,0.9491274,0.9585562,0,sp|P50579|MAP2_HUMAN Methionine aminopeptidase 2 OS=Homo sapiens OX=9606 GN=METAP2 PE=1 SV=1
71,WT_Q13641,Q13641,wildtype,420,0.8949128,0.957652,0,sp|Q13641|TPBG_HUMAN Trophoblast glycoprotein OS=Homo sapiens OX=9606 GN=TPBG PE=1 SV=1
72,Q8NET6_P146S,Q8NET6,mutant,341,0.91058326,0.9575606,3,sp|Q8NET6_MUT_P146S|CHSTD_HUMAN_P146S
73,O75462_R312P,O75462,mutant,422,0.90690595,0.955679,14,sp|O75462_MUT_R312P|CRLF1_HUMAN_R312P
74,WT_Q6PJG9,Q6PJG9,wildtype,635,0.9802012,0.95298225,1,sp|Q6PJG9|LRFN4_HUMAN Leucine-rich repeat and fibronectin type-III domain-containing protein 4 OS=Homo sapiens OX=9606 GN=LRFN4 PE=1 SV=1
75,O00526_T160M,O00526,mutant,184,0.8988778,0.9529176,2,sp|O00526_MUT_T160M|UPK2_HUMAN_T160M
76,WT_Q9HB15,Q9HB15,wildtype,430,0.9016723,0.9513756,0,sp|Q9HB15|KCNKC_HUMAN Potassium channel subfamily K member 12 OS=Homo sapiens OX=9606 GN=KCNK12 PE=1 SV=1
77,P35346_R234C,P35346,mutant,364,0.85708064,0.950901,6,sp|P35346_MUT_R234C|SSR5_HUMAN_R234C
78,Q4ZHG4_Q1003E,Q4ZHG4,mutant,1024,0.9081535,0.9469218,1,sp|Q4ZHG4_MUT_Q1003E|FNDC1_HUMAN_Q1003E
79,Q8IYX1_R113Q,Q8IYX1,mutant,336,0.84050745,0.94614184,1,sp|Q8IYX1_MUT_R113Q|TBC21_HUMAN_R113Q
80,WT_Q5M775_win_44_1068,Q5M775,wildtype,1024,0.8821051,0.94162905,4,sp|Q5M775|CYTSB_HUMAN Cytospin-B OS=Homo sapiens OX=9606 GN=SPECC1 PE=1 SV=1
81,WT_Q8WVP5,Q8WVP5,wildtype,186,0.90440154,0.94094145,1,sp|Q8WVP5|TP8L1_HUMAN Tumor necrosis factor alpha-induced protein 8-like protein 1 OS=Homo sapiens OX=9606 GN=TNFAIP8L1 PE=1 SV=2
82,Q6P050_V115L,Q6P050,mutant,231,0.8618705,0.9408683,1,sp|Q6P050_MUT_V115L|FXL22_HUMAN_V115L
83,A4D2B0_H114N,A4D2B0,mutant,266,0.9109948,0.93867964,2,sp|A4D2B0_MUT_H114N|MBLC1_HUMAN_H114N
84,WT_Q13319,Q13319,wildtype,367,0.91319543,0.9374612,0,sp|Q13319|CD5R2_HUMAN Cyclin-dependent kinase 5 activator 2 OS=Homo sapiens OX=9606 GN=CDK5R2 PE=1 SV=1
85,P62241_R110G,P62241,mutant,208,0.8540325,0.9355996,0,sp|P62241_MUT_R110G|RS8_HUMAN_R110G
86,Q9NV35_V18I,Q9NV35,mutant,164,0.87604797,0.932072,2,sp|Q9NV35_MUT_V18I|NUD15_HUMAN_V18I
87,Q8NES3_D201N,Q8NES3,mutant,379,0.9645789,0.9301468,4,sp|Q8NES3_MUT_D201N|LFNG_HUMAN_D201N
88,O43852_R4Q,O43852,mutant,315,0.856208,0.9274546,1,sp|O43852_MUT_R4Q|CALU_HUMAN_R4Q
89,WT_A8MPS7,A8MPS7,wildtype,323,0.9705438,0.92198735,1,sp|A8MPS7|YDJC_HUMAN Carbohydrate deacetylase OS=Homo sapiens OX=9606 GN=YDJC PE=1 SV=1
90,WT_Q96Q15_win_2376_3400,Q96Q15,wildtype,1024,0.88152987,0.9219115,3,sp|Q96Q15|SMG1_HUMAN Serine/threonine-protein kinase SMG1 OS=Homo sapiens OX=9606 GN=SMG1 PE=1 SV=3
91,Q86UT6_P63S,Q86UT6,mutant,975,0.8877261,0.91912144,4,sp|Q86UT6_MUT_P63S|NLRX1_HUMAN_P63S
92,WT_P56373,P56373,wildtype,397,0.8556741,0.9176863,1,sp|P56373|P2RX3_HUMAN P2X purinoceptor 3 OS=Homo sapiens OX=9606 GN=P2RX3 PE=1 SV=2
93,WT_Q15722,Q15722,wildtype,352,0.843529,0.9147943,1,sp|Q15722|LT4R1_HUMAN Leukotriene B4 receptor 1 OS=Homo sapiens OX=9606 GN=LTB4R PE=1 SV=2
94,WT_Q8NAB2,Q8NAB2,wildtype,612,0.8641314,0.9110254,1,sp|Q8NAB2|KBTB3_HUMAN Kelch repeat and BTB domain-containing protein 3 OS=Homo sapiens OX=9606 GN=KBTBD3 PE=1 SV=3
95,P41247_V48G,P41247,mutant,253,0.91130716,0.9036434,4,sp|P41247_MUT_V48G|PLPL4_HUMAN_V48G
96,WT_O00155,O00155,wildtype,361,0.9438803,0.90277106,0,sp|O00155|GPR25_HUMAN C-X-C chemokine receptor GPR25 OS=Homo sapiens OX=9606 GN=GPR25 PE=1 SV=2
97,Q8WXD2_M233V,Q8WXD2,mutant,468,0.8460217,0.89655906,0,sp|Q8WXD2_MUT_M233V|SCG3_HUMAN_M233V
98,WT_P50579-2,P50579-2,wildtype,455,0.85201985,0.8918091,0,"sp|P50579-2|MAP2_HUMAN Isoform of P50579, Isoform 2 of Methionine aminopeptidase 2 OS=Homo sapiens OX=9606 GN=METAP2"
99,WT_Q96B97,Q96B97,wildtype,665,0.9398944,0.8911585,1,sp|Q96B97|SH3K1_HUMAN SH3 domain-containing kinase-binding protein 1 OS=Homo sapiens OX=9606 GN=SH3KBP1 PE=1 SV=2
100,O94822_V761I,O94822,mutant,1024,0.9034314,0.88865167,1,sp|O94822_MUT_V761I|LTN1_HUMAN_V761I
