uniprot_id,kept_rank,kept_id,kept_type,kept_pool_rank,kept_kd_prob,removed_id,removed_type,removed_length,removed_pool_rank,removed_ki_prob,removed_kd_prob,removed_raw_header
Q9NZW4,1,Q9NZW4_Y6D,mutant,1,1.0,Q9NZW4_D243N,mutant,1024,2,0.9979327,1.0,sp|Q9NZW4_MUT_D243N|DSPP_HUMAN_D243N
Q9NZW4,1,Q9NZW4_Y6D,mutant,1,1.0,WT_Q9NZW4_win_0_1024,wildtype,1024,3,0.997905,1.0,sp|Q9NZW4|DSPP_HUMAN Dentin sialophosphoprotein OS=Homo sapiens OX=9606 GN=DSPP PE=1 SV=2
Q9NZW4,1,Q9NZW4_Y6D,mutant,1,1.0,Q9NZW4_V18F,mutant,1024,4,0.99775034,1.0,sp|Q9NZW4_MUT_V18F|DSPP_HUMAN_V18F
Q9NZW4,1,Q9NZW4_Y6D,mutant,1,1.0,Q9NZW4_R68W,mutant,1024,5,0.9976744,1.0,sp|Q9NZW4_MUT_R68W|DSPP_HUMAN_R68W
Q9NZW4,1,Q9NZW4_Y6D,mutant,1,1.0,Q9NZW4_V18D,mutant,1024,6,0.9975527,1.0,sp|Q9NZW4_MUT_V18D|DSPP_HUMAN_V18D
Q9NZW4,1,Q9NZW4_Y6D,mutant,1,1.0,Q9NZW4_P17S,mutant,1024,7,0.99723285,1.0,sp|Q9NZW4_MUT_P17S|DSPP_HUMAN_P17S
Q9NZW4,1,Q9NZW4_Y6D,mutant,1,1.0,Q9NZW4_P17T,mutant,1024,8,0.9970577,1.0,sp|Q9NZW4_MUT_P17T|DSPP_HUMAN_P17T
Q9NZW4,1,Q9NZW4_Y6D,mutant,1,1.0,Q9NZW4_P17L,mutant,1024,9,0.99698776,1.0,sp|Q9NZW4_MUT_P17L|DSPP_HUMAN_P17L
Q9NZW4,1,Q9NZW4_Y6D,mutant,1,1.0,Q9NZW4_A15V,mutant,1024,10,0.9968155,1.0,sp|Q9NZW4_MUT_A15V|DSPP_HUMAN_A15V
Q86YZ3,7,Q86YZ3_S2435G,mutant,16,0.99999046,Q86YZ3_G2461S,mutant,1024,17,0.961488,0.99998987,sp|Q86YZ3_MUT_G2461S|HORN_HUMAN_G2461S
Q86YZ3,7,Q86YZ3_S2435G,mutant,16,0.99999046,WT_Q86YZ3_win_1826_2850,wildtype,1024,18,0.9694621,0.9999896,sp|Q86YZ3|HORN_HUMAN Hornerin OS=Homo sapiens OX=9606 GN=HRNR PE=1 SV=2
P11279,8,P11279_I309T,mutant,19,0.9999882,WT_P11279,wildtype,417,20,0.85917073,0.99997854,sp|P11279|LAMP1_HUMAN Lysosome-associated membrane glycoprotein 1 OS=Homo sapiens OX=9606 GN=LAMP1 PE=1 SV=3
P48651,12,P48651_Q353R,mutant,24,0.99980956,WT_P48651,wildtype,473,25,0.8494404,0.99980444,sp|P48651|PTSS1_HUMAN Phosphatidylserine synthase 1 OS=Homo sapiens OX=9606 GN=PTDSS1 PE=1 SV=1
P48651,12,P48651_Q353R,mutant,24,0.99980956,P48651_T423N,mutant,473,27,0.8573274,0.99979347,sp|P48651_MUT_T423N|PTSS1_HUMAN_T423N
Q6UWP8,13,Q6UWP8_A419G,mutant,26,0.99980265,WT_Q6UWP8,wildtype,590,29,0.96335906,0.9997906,sp|Q6UWP8|SBSN_HUMAN Suprabasin OS=Homo sapiens OX=9606 GN=SBSN PE=1 SV=2
P13645,15,P13645_Y449C,mutant,30,0.9997491,P13645_L442Q,mutant,584,34,0.9905686,0.9997243,sp|P13645_MUT_L442Q|K1C10_HUMAN_L442Q
P13645,15,P13645_Y449C,mutant,30,0.9997491,P13645_I446T,mutant,584,38,0.9901157,0.99969757,sp|P13645_MUT_I446T|K1C10_HUMAN_I446T
P13645,15,P13645_Y449C,mutant,30,0.9997491,P13645_L161S,mutant,584,40,0.9901868,0.9996834,sp|P13645_MUT_L161S|K1C10_HUMAN_L161S
P13645,15,P13645_Y449C,mutant,30,0.9997491,P13645_M150T,mutant,584,41,0.9915131,0.9996817,sp|P13645_MUT_M150T|K1C10_HUMAN_M150T
P13645,15,P13645_Y449C,mutant,30,0.9997491,P13645_L435P,mutant,584,43,0.99077225,0.99967563,sp|P13645_MUT_L435P|K1C10_HUMAN_L435P
P13645,15,P13645_Y449C,mutant,30,0.9997491,P13645_I101S,mutant,584,44,0.9910172,0.9996755,sp|P13645_MUT_I101S|K1C10_HUMAN_I101S
P13645,15,P13645_Y449C,mutant,30,0.9997491,P13645_G126S,mutant,584,46,0.9907369,0.9996635,sp|P13645_MUT_G126S|K1C10_HUMAN_G126S
P13645,15,P13645_Y449C,mutant,30,0.9997491,P13645_N154H,mutant,584,47,0.990396,0.9996623,sp|P13645_MUT_N154H|K1C10_HUMAN_N154H
P13645,15,P13645_Y449C,mutant,30,0.9997491,WT_P13645,wildtype,584,48,0.99098957,0.9996613,"sp|P13645|K1C10_HUMAN Keratin, type I cytoskeletal 10 OS=Homo sapiens OX=9606 GN=KRT10 PE=1 SV=6"
P13645,15,P13645_Y449C,mutant,30,0.9997491,P13645_Y160N,mutant,584,49,0.9900019,0.9996569,sp|P13645_MUT_Y160N|K1C10_HUMAN_Y160N
P13645,15,P13645_Y449C,mutant,30,0.9997491,P13645_Y160S,mutant,584,51,0.98883665,0.99965155,sp|P13645_MUT_Y160S|K1C10_HUMAN_Y160S
P13645,15,P13645_Y449C,mutant,30,0.9997491,P13645_R422E,mutant,584,52,0.99089056,0.999635,sp|P13645_MUT_R422E|K1C10_HUMAN_R422E
P13645,15,P13645_Y449C,mutant,30,0.9997491,P13645_R156S,mutant,584,54,0.9887593,0.9996189,sp|P13645_MUT_R156S|K1C10_HUMAN_R156S
P13645,15,P13645_Y449C,mutant,30,0.9997491,P13645_R156H,mutant,584,55,0.9886175,0.9996049,sp|P13645_MUT_R156H|K1C10_HUMAN_R156H
P13645,15,P13645_Y449C,mutant,30,0.9997491,P13645_R156C,mutant,584,56,0.9885195,0.9996043,sp|P13645_MUT_R156C|K1C10_HUMAN_R156C
P13645,15,P13645_Y449C,mutant,30,0.9997491,P13645_M150R,mutant,584,57,0.9912149,0.999602,sp|P13645_MUT_M150R|K1C10_HUMAN_M150R
P13645,15,P13645_Y449C,mutant,30,0.9997491,P13645_R156P,mutant,584,58,0.98993623,0.99959403,sp|P13645_MUT_R156P|K1C10_HUMAN_R156P
P13645,15,P13645_Y449C,mutant,30,0.9997491,P13645_Y160D,mutant,584,59,0.989744,0.99959403,sp|P13645_MUT_Y160D|K1C10_HUMAN_Y160D
P13645,15,P13645_Y449C,mutant,30,0.9997491,P13645_H487Y,mutant,584,60,0.9900074,0.9995807,sp|P13645_MUT_H487Y|K1C10_HUMAN_H487Y
P13645,15,P13645_Y449C,mutant,30,0.9997491,P13645_R156L,mutant,584,61,0.98804086,0.99946743,sp|P13645_MUT_R156L|K1C10_HUMAN_R156L
P16671,16,P16671_R386W,mutant,31,0.99973637,P16671_I413L,mutant,472,32,0.9291981,0.99973375,sp|P16671_MUT_I413L|CD36_HUMAN_I413L
P16671,16,P16671_R386W,mutant,31,0.99973637,P16671_T470I,mutant,472,35,0.9375978,0.9997178,sp|P16671_MUT_T470I|CD36_HUMAN_T470I
P16671,16,P16671_R386W,mutant,31,0.99973637,WT_P16671,wildtype,472,36,0.9304849,0.99970835,sp|P16671|CD36_HUMAN Platelet glycoprotein 4 OS=Homo sapiens OX=9606 GN=CD36 PE=1 SV=2
P16671,16,P16671_R386W,mutant,31,0.99973637,P16671_V154F,mutant,472,37,0.9315495,0.9997031,sp|P16671_MUT_V154F|CD36_HUMAN_V154F
P16671,16,P16671_R386W,mutant,31,0.99973637,P16671_F254L,mutant,472,39,0.9266729,0.9996934,sp|P16671_MUT_F254L|CD36_HUMAN_F254L
P16671,16,P16671_R386W,mutant,31,0.99973637,P16671_I271T,mutant,472,42,0.92466366,0.99967897,sp|P16671_MUT_I271T|CD36_HUMAN_I271T
P16671,16,P16671_R386W,mutant,31,0.99973637,P16671_P90S,mutant,472,45,0.9253228,0.9996654,sp|P16671_MUT_P90S|CD36_HUMAN_P90S
P16671,16,P16671_R386W,mutant,31,0.99973637,P16671_T174A,mutant,472,50,0.93013084,0.9996544,sp|P16671_MUT_T174A|CD36_HUMAN_T174A
P16671,16,P16671_R386W,mutant,31,0.99973637,P16671_S127L,mutant,472,53,0.92501575,0.99961984,sp|P16671_MUT_S127L|CD36_HUMAN_S127L
Q8TF76,18,Q8TF76_Q301L,mutant,62,0.99924684,Q8TF76_R82C,mutant,798,63,0.95734257,0.9991345,sp|Q8TF76_MUT_R82C|HASP_HUMAN_R82C
Q8TF76,18,Q8TF76_Q301L,mutant,62,0.99924684,Q8TF76_G283S,mutant,798,64,0.95547706,0.99911183,sp|Q8TF76_MUT_G283S|HASP_HUMAN_G283S
Q8TF76,18,Q8TF76_Q301L,mutant,62,0.99924684,WT_Q8TF76,wildtype,798,65,0.9572191,0.99909174,sp|Q8TF76|HASP_HUMAN Serine/threonine-protein kinase haspin OS=Homo sapiens OX=9606 GN=HASPIN PE=1 SV=3
Q8TF76,18,Q8TF76_Q301L,mutant,62,0.99924684,Q8TF76_R145H,mutant,798,66,0.95414823,0.99908936,sp|Q8TF76_MUT_R145H|HASP_HUMAN_R145H
Q8TF76,18,Q8TF76_Q301L,mutant,62,0.99924684,Q8TF76_V378A,mutant,798,67,0.95598775,0.999081,sp|Q8TF76_MUT_V378A|HASP_HUMAN_V378A
Q8TF76,18,Q8TF76_Q301L,mutant,62,0.99924684,Q8TF76_I328T,mutant,798,68,0.9553852,0.9990663,sp|Q8TF76_MUT_I328T|HASP_HUMAN_I328T
Q8TF76,18,Q8TF76_Q301L,mutant,62,0.99924684,Q8TF76_V76E,mutant,798,69,0.95692855,0.99906296,sp|Q8TF76_MUT_V76E|HASP_HUMAN_V76E
Q8TF76,18,Q8TF76_Q301L,mutant,62,0.99924684,Q8TF76_N422D,mutant,798,71,0.95596683,0.9990528,sp|Q8TF76_MUT_N422D|HASP_HUMAN_N422D
Q8TF76,18,Q8TF76_Q301L,mutant,62,0.99924684,Q8TF76_G204D,mutant,798,72,0.95482385,0.99902916,sp|Q8TF76_MUT_G204D|HASP_HUMAN_G204D
Q8TF76,18,Q8TF76_Q301L,mutant,62,0.99924684,Q8TF76_M706V,mutant,798,73,0.9591579,0.99901414,sp|Q8TF76_MUT_M706V|HASP_HUMAN_M706V
Q14990,22,WT_Q14990,wildtype,76,0.99882454,Q14990_S216N,mutant,250,78,0.86763924,0.99872404,sp|Q14990_MUT_S216N|ODFP1_HUMAN_S216N
Q14990,22,WT_Q14990,wildtype,76,0.99882454,Q14990_F243L,mutant,250,79,0.86482865,0.99870265,sp|Q14990_MUT_F243L|ODFP1_HUMAN_F243L
P34810,23,P34810_I329T,mutant,77,0.99878544,WT_P34810,wildtype,354,80,0.8444371,0.9985499,sp|P34810|CD68_HUMAN Macrosialin OS=Homo sapiens OX=9606 GN=CD68 PE=1 SV=2
Q9NQ76,27,WT_Q9NQ76,wildtype,84,0.9972223,Q9NQ76_V330I,mutant,525,85,0.84810275,0.99705255,sp|Q9NQ76_MUT_V330I|MEPE_HUMAN_V330I
P20916,29,P20916_R118H,mutant,87,0.99659145,P20916_C430G,mutant,626,90,0.9315919,0.996487,sp|P20916_MUT_C430G|MAG_HUMAN_C430G
P20916,29,P20916_R118H,mutant,87,0.99659145,WT_P20916,wildtype,626,96,0.9268833,0.995456,sp|P20916|MAG_HUMAN Myelin-associated glycoprotein OS=Homo sapiens OX=9606 GN=MAG PE=1 SV=1
P20916,29,P20916_R118H,mutant,87,0.99659145,P20916_S133R,mutant,626,98,0.92283714,0.9951664,sp|P20916_MUT_S133R|MAG_HUMAN_S133R
P20916,29,P20916_R118H,mutant,87,0.99659145,P20916_L202M,mutant,626,101,0.9209704,0.99455875,sp|P20916_MUT_L202M|MAG_HUMAN_L202M
Q9NPP4,30,Q9NPP4_H443P,mutant,88,0.996555,Q9NPP4_V341A,mutant,1024,89,0.89174664,0.99655473,sp|Q9NPP4_MUT_V341A|NLRC4_HUMAN_V341A
Q9NPP4,30,Q9NPP4_H443P,mutant,88,0.996555,Q9NPP4_T337S,mutant,1024,91,0.8876691,0.996018,sp|Q9NPP4_MUT_T337S|NLRC4_HUMAN_T337S
Q9NPP4,30,Q9NPP4_H443P,mutant,88,0.996555,WT_Q9NPP4,wildtype,1024,92,0.887323,0.9959222,sp|Q9NPP4|NLRC4_HUMAN NLR family CARD domain-containing protein 4 OS=Homo sapiens OX=9606 GN=NLRC4 PE=1 SV=2
Q9UKP6,31,WT_Q9UKP6,wildtype,93,0.9959061,Q9UKP6_S146R,mutant,389,94,0.96772176,0.99582434,sp|Q9UKP6_MUT_S146R|UR2R_HUMAN_S146R
Q9UKP6,31,WT_Q9UKP6,wildtype,93,0.9959061,Q9UKP6_A70P,mutant,389,95,0.9638413,0.99545896,sp|Q9UKP6_MUT_A70P|UR2R_HUMAN_A70P
P35527,32,P35527_Q172P,mutant,97,0.9953334,P35527_M157V,mutant,623,108,0.97673076,0.9936373,sp|P35527_MUT_M157V|K1C9_HUMAN_M157V
P35527,32,P35527_Q172P,mutant,97,0.9953334,P35527_Y454H,mutant,623,115,0.97257733,0.9930259,sp|P35527_MUT_Y454H|K1C9_HUMAN_Y454H
P35527,32,P35527_Q172P,mutant,97,0.9953334,WT_P35527,wildtype,623,116,0.97541624,0.9928462,"sp|P35527|K1C9_HUMAN Keratin, type I cytoskeletal 9 OS=Homo sapiens OX=9606 GN=KRT9 PE=1 SV=3"
P35527,32,P35527_Q172P,mutant,97,0.9953334,P35527_N161H,mutant,623,117,0.9746625,0.9927443,sp|P35527_MUT_N161H|K1C9_HUMAN_N161H
P35527,32,P35527_Q172P,mutant,97,0.9953334,P35527_L458F,mutant,623,118,0.97549284,0.9926461,sp|P35527_MUT_L458F|K1C9_HUMAN_L458F
P35527,32,P35527_Q172P,mutant,97,0.9953334,P35527_M157T,mutant,623,119,0.9758007,0.9926178,sp|P35527_MUT_M157T|K1C9_HUMAN_M157T
P35527,32,P35527_Q172P,mutant,97,0.9953334,P35527_L160F,mutant,623,120,0.9735822,0.99260664,sp|P35527_MUT_L160F|K1C9_HUMAN_L160F
P35527,32,P35527_Q172P,mutant,97,0.9953334,P35527_N161S,mutant,623,121,0.97435457,0.9925768,sp|P35527_MUT_N161S|K1C9_HUMAN_N161S
P35527,32,P35527_Q172P,mutant,97,0.9953334,P35527_L168S,mutant,623,123,0.97222286,0.9923936,sp|P35527_MUT_L168S|K1C9_HUMAN_L168S
P35527,32,P35527_Q172P,mutant,97,0.9953334,P35527_L458P,mutant,623,124,0.9727832,0.99224174,sp|P35527_MUT_L458P|K1C9_HUMAN_L458P
P35527,32,P35527_Q172P,mutant,97,0.9953334,P35527_C406R,mutant,623,126,0.9755822,0.992125,sp|P35527_MUT_C406R|K1C9_HUMAN_C406R
P35527,32,P35527_Q172P,mutant,97,0.9953334,P35527_V171M,mutant,623,127,0.97181547,0.99204177,sp|P35527_MUT_V171M|K1C9_HUMAN_V171M
P35527,32,P35527_Q172P,mutant,97,0.9953334,P35527_R163W,mutant,623,129,0.973077,0.99186,sp|P35527_MUT_R163W|K1C9_HUMAN_R163W
P35527,32,P35527_Q172P,mutant,97,0.9953334,P35527_N161Y,mutant,623,130,0.9724549,0.9916407,sp|P35527_MUT_N161Y|K1C9_HUMAN_N161Y
P35527,32,P35527_Q172P,mutant,97,0.9953334,P35527_N161I,mutant,623,132,0.9728363,0.99123794,sp|P35527_MUT_N161I|K1C9_HUMAN_N161I
P35527,32,P35527_Q172P,mutant,97,0.9953334,P35527_R163P,mutant,623,133,0.973179,0.9911301,sp|P35527_MUT_R163P|K1C9_HUMAN_R163P
P35527,32,P35527_Q172P,mutant,97,0.9953334,P35527_R163Q,mutant,623,134,0.97249514,0.9911249,sp|P35527_MUT_R163Q|K1C9_HUMAN_R163Q
P35527,32,P35527_Q172P,mutant,97,0.9953334,P35527_L160V,mutant,623,136,0.97155815,0.9907928,sp|P35527_MUT_L160V|K1C9_HUMAN_L160V
P35527,32,P35527_Q172P,mutant,97,0.9953334,P35527_M157R,mutant,623,138,0.9753254,0.9905522,sp|P35527_MUT_M157R|K1C9_HUMAN_M157R
Q86UQ4,34,WT_Q86UQ4_win_921_1945,wildtype,100,0.99463046,Q86UQ4_I1434V,mutant,1024,104,0.94525003,0.99425584,sp|Q86UQ4_MUT_I1434V|ABCAD_HUMAN_I1434V
Q86UQ4,34,WT_Q86UQ4_win_921_1945,wildtype,100,0.99463046,Q86UQ4_F1540L,mutant,1024,106,0.9165584,0.9938876,sp|Q86UQ4_MUT_F1540L|ABCAD_HUMAN_F1540L
Q86UQ4,34,WT_Q86UQ4_win_921_1945,wildtype,100,0.99463046,WT_Q86UQ4_win_1027_2051,wildtype,1024,107,0.91951215,0.99384946,sp|Q86UQ4|ABCAD_HUMAN ATP-binding cassette sub-family A member 13 OS=Homo sapiens OX=9606 GN=ABCA13 PE=1 SV=4
Q86UQ4,34,WT_Q86UQ4_win_921_1945,wildtype,100,0.99463046,WT_Q86UQ4_win_995_2019,wildtype,1024,111,0.94279444,0.9935893,sp|Q86UQ4|ABCAD_HUMAN ATP-binding cassette sub-family A member 13 OS=Homo sapiens OX=9606 GN=ABCA13 PE=1 SV=4
Q86UQ4,34,WT_Q86UQ4_win_921_1945,wildtype,100,0.99463046,Q86UQ4_T1508I,mutant,1024,112,0.93919194,0.99349517,sp|Q86UQ4_MUT_T1508I|ABCAD_HUMAN_T1508I
Q86UQ4,34,WT_Q86UQ4_win_921_1945,wildtype,100,0.99463046,Q86UQ4_N2033D,mutant,1024,128,0.8535801,0.9918921,sp|Q86UQ4_MUT_N2033D|ABCAD_HUMAN_N2033D
Q86UQ4,34,WT_Q86UQ4_win_921_1945,wildtype,100,0.99463046,WT_Q86UQ4_win_1520_2544,wildtype,1024,131,0.86223525,0.9915609,sp|Q86UQ4|ABCAD_HUMAN ATP-binding cassette sub-family A member 13 OS=Homo sapiens OX=9606 GN=ABCA13 PE=1 SV=4
Q86UQ4,34,WT_Q86UQ4_win_921_1945,wildtype,100,0.99463046,WT_Q86UQ4_win_254_1278,wildtype,1024,150,0.8446307,0.9865334,sp|Q86UQ4|ABCAD_HUMAN ATP-binding cassette sub-family A member 13 OS=Homo sapiens OX=9606 GN=ABCA13 PE=1 SV=4
Q06643,35,Q06643_L87F,mutant,102,0.9945523,WT_Q06643,wildtype,244,103,0.8947735,0.9943045,sp|Q06643|TNFC_HUMAN Lymphotoxin-beta OS=Homo sapiens OX=9606 GN=LTB PE=1 SV=1
Q06643,35,Q06643_L87F,mutant,102,0.9945523,Q06643_A122D,mutant,244,105,0.8936456,0.99397933,sp|Q06643_MUT_A122D|TNFC_HUMAN_A122D
Q06643,35,Q06643_L87F,mutant,102,0.9945523,Q06643_S84R,mutant,244,109,0.898523,0.99360645,sp|Q06643_MUT_S84R|TNFC_HUMAN_S84R
Q06643,35,Q06643_L87F,mutant,102,0.9945523,Q06643_G70E,mutant,244,110,0.8919262,0.99359846,sp|Q06643_MUT_G70E|TNFC_HUMAN_G70E
Q06643,35,Q06643_L87F,mutant,102,0.9945523,Q06643_A111P,mutant,244,113,0.8937234,0.9934546,sp|Q06643_MUT_A111P|TNFC_HUMAN_A111P
O14842,37,WT_O14842,wildtype,122,0.99256295,O14842_R211H,mutant,300,135,0.86995894,0.9908881,sp|O14842_MUT_R211H|FFAR1_HUMAN_R211H
Q9UJJ9,40,Q9UJJ9_A25E,mutant,139,0.99010324,Q9UJJ9_G126S,mutant,305,144,0.9460678,0.98847127,sp|Q9UJJ9_MUT_G126S|GNPTG_HUMAN_G126S
Q9UJJ9,40,Q9UJJ9_A25E,mutant,139,0.99010324,WT_Q9UJJ9,wildtype,305,147,0.94885844,0.98788375,sp|Q9UJJ9|GNPTG_HUMAN N-acetylglucosamine-1-phosphotransferase subunit gamma OS=Homo sapiens OX=9606 GN=GNPTG PE=1 SV=1
Q9UJJ9,40,Q9UJJ9_A25E,mutant,139,0.99010324,Q9UJJ9_C142Y,mutant,305,149,0.95321506,0.9869419,sp|Q9UJJ9_MUT_C142Y|GNPTG_HUMAN_C142Y
Q9UJJ9,40,Q9UJJ9_A25E,mutant,139,0.99010324,Q9UJJ9_L230V,mutant,305,151,0.9502712,0.9864628,sp|Q9UJJ9_MUT_L230V|GNPTG_HUMAN_L230V
Q9UJJ9,40,Q9UJJ9_A25E,mutant,139,0.99010324,Q9UJJ9_T286M,mutant,305,154,0.946872,0.9859514,sp|Q9UJJ9_MUT_T286M|GNPTG_HUMAN_T286M
Q9UJJ9,40,Q9UJJ9_A25E,mutant,139,0.99010324,Q9UJJ9_G106S,mutant,305,155,0.9453056,0.9855929,sp|Q9UJJ9_MUT_G106S|GNPTG_HUMAN_G106S
Q5S007,41,WT_Q5S007_win_749_1773,wildtype,140,0.98967135,WT_Q5S007_win_715_1739,wildtype,1024,141,0.93101406,0.9885748,sp|Q5S007|LRRK2_HUMAN Leucine-rich repeat serine/threonine-protein kinase 2 OS=Homo sapiens OX=9606 GN=LRRK2 PE=1 SV=2
Q5S007,41,WT_Q5S007_win_749_1773,wildtype,140,0.98967135,Q5S007_P1262A,mutant,1024,145,0.91563195,0.9881273,sp|Q5S007_MUT_P1262A|LRRK2_HUMAN_P1262A
Q5S007,41,WT_Q5S007_win_749_1773,wildtype,140,0.98967135,Q5S007_S1228T,mutant,1024,146,0.92992026,0.9879888,sp|Q5S007_MUT_S1228T|LRRK2_HUMAN_S1228T
Q5S007,41,WT_Q5S007_win_749_1773,wildtype,140,0.98967135,WT_Q5S007_win_417_1441,wildtype,1024,188,0.8942179,0.980973,sp|Q5S007|LRRK2_HUMAN Leucine-rich repeat serine/threonine-protein kinase 2 OS=Homo sapiens OX=9606 GN=LRRK2 PE=1 SV=2
Q5S007,41,WT_Q5S007_win_749_1773,wildtype,140,0.98967135,Q5S007_Q930R,mutant,1024,197,0.89286655,0.9803207,sp|Q5S007_MUT_Q930R|LRRK2_HUMAN_Q930R
Q5S007,41,WT_Q5S007_win_749_1773,wildtype,140,0.98967135,WT_Q5S007_win_609_1633,wildtype,1024,200,0.9426545,0.9802069,sp|Q5S007|LRRK2_HUMAN Leucine-rich repeat serine/threonine-protein kinase 2 OS=Homo sapiens OX=9606 GN=LRRK2 PE=1 SV=2
Q5S007,41,WT_Q5S007_win_749_1773,wildtype,140,0.98967135,Q5S007_I1122V,mutant,1024,213,0.94364196,0.9796404,sp|Q5S007_MUT_I1122V|LRRK2_HUMAN_I1122V
Q5S007,41,WT_Q5S007_win_749_1773,wildtype,140,0.98967135,Q5S007_R793M,mutant,1024,215,0.9177637,0.9794287,sp|Q5S007_MUT_R793M|LRRK2_HUMAN_R793M
Q5S007,41,WT_Q5S007_win_749_1773,wildtype,140,0.98967135,WT_Q5S007_win_280_1304,wildtype,1024,220,0.9198743,0.97931033,sp|Q5S007|LRRK2_HUMAN Leucine-rich repeat serine/threonine-protein kinase 2 OS=Homo sapiens OX=9606 GN=LRRK2 PE=1 SV=2
Q5S007,41,WT_Q5S007_win_749_1773,wildtype,140,0.98967135,WT_Q5S007_win_554_1578,wildtype,1024,249,0.9219445,0.9760625,sp|Q5S007|LRRK2_HUMAN Leucine-rich repeat serine/threonine-protein kinase 2 OS=Homo sapiens OX=9606 GN=LRRK2 PE=1 SV=2
Q5S007,41,WT_Q5S007_win_749_1773,wildtype,140,0.98967135,WT_Q5S007_win_583_1607,wildtype,1024,255,0.92600304,0.97539604,sp|Q5S007|LRRK2_HUMAN Leucine-rich repeat serine/threonine-protein kinase 2 OS=Homo sapiens OX=9606 GN=LRRK2 PE=1 SV=2
Q5S007,41,WT_Q5S007_win_749_1773,wildtype,140,0.98967135,Q5S007_R1067Q,mutant,1024,262,0.92218614,0.97489136,sp|Q5S007_MUT_R1067Q|LRRK2_HUMAN_R1067Q
Q5S007,41,WT_Q5S007_win_749_1773,wildtype,140,0.98967135,Q5S007_S1096C,mutant,1024,276,0.9269938,0.97394764,sp|Q5S007_MUT_S1096C|LRRK2_HUMAN_S1096C
Q5S007,41,WT_Q5S007_win_749_1773,wildtype,140,0.98967135,Q5S007_P755L,mutant,1024,281,0.9135242,0.97365177,sp|Q5S007_MUT_P755L|LRRK2_HUMAN_P755L
Q5S007,41,WT_Q5S007_win_749_1773,wildtype,140,0.98967135,WT_Q5S007_win_242_1266,wildtype,1024,287,0.9124909,0.9727778,sp|Q5S007|LRRK2_HUMAN Leucine-rich repeat serine/threonine-protein kinase 2 OS=Homo sapiens OX=9606 GN=LRRK2 PE=1 SV=2
Q5S007,41,WT_Q5S007_win_749_1773,wildtype,140,0.98967135,Q5S007_D944Y,mutant,1024,295,0.88981354,0.9721265,sp|Q5S007_MUT_D944Y|LRRK2_HUMAN_D944Y
Q5S007,41,WT_Q5S007_win_749_1773,wildtype,140,0.98967135,WT_Q5S007_win_431_1455,wildtype,1024,308,0.8926375,0.9703983,sp|Q5S007|LRRK2_HUMAN Leucine-rich repeat serine/threonine-protein kinase 2 OS=Homo sapiens OX=9606 GN=LRRK2 PE=1 SV=2
Q5S007,41,WT_Q5S007_win_749_1773,wildtype,140,0.98967135,Q5S007_M712V,mutant,1024,333,0.893684,0.9584527,sp|Q5S007_MUT_M712V|LRRK2_HUMAN_M712V
Q5S007,41,WT_Q5S007_win_749_1773,wildtype,140,0.98967135,WT_Q5S007_win_199_1223,wildtype,1024,340,0.8887018,0.9564403,sp|Q5S007|LRRK2_HUMAN Leucine-rich repeat serine/threonine-protein kinase 2 OS=Homo sapiens OX=9606 GN=LRRK2 PE=1 SV=2
Q5S007,41,WT_Q5S007_win_749_1773,wildtype,140,0.98967135,Q5S007_A716V,mutant,1024,347,0.8786652,0.9548774,sp|Q5S007_MUT_A716V|LRRK2_HUMAN_A716V
Q5S007,41,WT_Q5S007_win_749_1773,wildtype,140,0.98967135,WT_Q5S007_win_203_1227,wildtype,1024,352,0.8792783,0.95389175,sp|Q5S007|LRRK2_HUMAN Leucine-rich repeat serine/threonine-protein kinase 2 OS=Homo sapiens OX=9606 GN=LRRK2 PE=1 SV=2
Q5S007,41,WT_Q5S007_win_749_1773,wildtype,140,0.98967135,WT_Q5S007_win_210_1234,wildtype,1024,357,0.8828082,0.95150995,sp|Q5S007|LRRK2_HUMAN Leucine-rich repeat serine/threonine-protein kinase 2 OS=Homo sapiens OX=9606 GN=LRRK2 PE=1 SV=2
Q5S007,41,WT_Q5S007_win_749_1773,wildtype,140,0.98967135,Q5S007_I723V,mutant,1024,362,0.88051265,0.948699,sp|Q5S007_MUT_I723V|LRRK2_HUMAN_I723V
Q9BYW2,44,WT_Q9BYW2_win_852_1876,wildtype,148,0.98727965,WT_Q9BYW2_win_838_1862,wildtype,1024,158,0.87997806,0.98535144,sp|Q9BYW2|SETD2_HUMAN Histone-lysine N-methyltransferase SETD2 OS=Homo sapiens OX=9606 GN=SETD2 PE=1 SV=3
Q9BYW2,44,WT_Q9BYW2_win_852_1876,wildtype,148,0.98727965,Q9BYW2_D1351G,mutant,1024,160,0.88165027,0.98528856,sp|Q9BYW2_MUT_D1351G|SETD2_HUMAN_D1351G
Q9BYW2,44,WT_Q9BYW2_win_852_1876,wildtype,148,0.98727965,Q9BYW2_G1365E,mutant,1024,167,0.8913306,0.98397464,sp|Q9BYW2_MUT_G1365E|SETD2_HUMAN_G1365E
Q9BYW2,44,WT_Q9BYW2_win_852_1876,wildtype,148,0.98727965,Q9BYW2_D1397G,mutant,1024,179,0.9031248,0.9825324,sp|Q9BYW2_MUT_D1397G|SETD2_HUMAN_D1397G
Q9BYW2,44,WT_Q9BYW2_win_852_1876,wildtype,148,0.98727965,WT_Q9BYW2_win_884_1908,wildtype,1024,185,0.8964405,0.98134124,sp|Q9BYW2|SETD2_HUMAN Histone-lysine N-methyltransferase SETD2 OS=Homo sapiens OX=9606 GN=SETD2 PE=1 SV=3
P20794,45,P20794_R166H,mutant,152,0.9863424,P20794_G13S,mutant,623,153,0.86192745,0.98613316,sp|P20794_MUT_G13S|MAK_HUMAN_G13S
P20794,45,P20794_R166H,mutant,152,0.9863424,P20794_P325L,mutant,623,161,0.8625667,0.984993,sp|P20794_MUT_P325L|MAK_HUMAN_P325L
P20794,45,P20794_R166H,mutant,152,0.9863424,P20794_P520S,mutant,623,165,0.8734866,0.98457587,sp|P20794_MUT_P520S|MAK_HUMAN_P520S
P20794,45,P20794_R166H,mutant,152,0.9863424,P20794_G27R,mutant,623,166,0.8672133,0.98405355,sp|P20794_MUT_G27R|MAK_HUMAN_G27R
P20794,45,P20794_R166H,mutant,152,0.9863424,P20794_N130H,mutant,623,168,0.8569378,0.9837751,sp|P20794_MUT_N130H|MAK_HUMAN_N130H
P20794,45,P20794_R166H,mutant,152,0.9863424,WT_P20794,wildtype,623,170,0.86512417,0.98351353,sp|P20794|MAK_HUMAN Serine/threonine-protein kinase MAK OS=Homo sapiens OX=9606 GN=MAK PE=1 SV=2
P20794,45,P20794_R166H,mutant,152,0.9863424,P20794_I181T,mutant,623,171,0.86328083,0.9831073,sp|P20794_MUT_I181T|MAK_HUMAN_I181T
P20794,45,P20794_R166H,mutant,152,0.9863424,P20794_R272P,mutant,623,172,0.8542823,0.9830808,sp|P20794_MUT_R272P|MAK_HUMAN_R272P
P20794,45,P20794_R166H,mutant,152,0.9863424,P20794_N384S,mutant,623,176,0.8668668,0.98273426,sp|P20794_MUT_N384S|MAK_HUMAN_N384S
P20794,45,P20794_R166H,mutant,152,0.9863424,P20794_I189V,mutant,623,177,0.86184597,0.9827132,sp|P20794_MUT_I189V|MAK_HUMAN_I189V
P20794,45,P20794_R166H,mutant,152,0.9863424,P20794_F550L,mutant,623,181,0.8635462,0.9824797,sp|P20794_MUT_F550L|MAK_HUMAN_F550L
P20794,45,P20794_R166H,mutant,152,0.9863424,P20794_D329E,mutant,623,183,0.8674888,0.98233056,sp|P20794_MUT_D329E|MAK_HUMAN_D329E
P13224,46,P13224_A133P,mutant,156,0.98554474,WT_P13224,wildtype,206,157,0.99410605,0.9854879,sp|P13224|GP1BB_HUMAN Platelet glycoprotein Ib beta chain OS=Homo sapiens OX=9606 GN=GP1BB PE=1 SV=1
P13224,46,P13224_A133P,mutant,156,0.98554474,P13224_Y113C,mutant,206,159,0.9906686,0.98532444,sp|P13224_MUT_Y113C|GP1BB_HUMAN_Y113C
Q86UK0,48,Q86UK0_W199C,mutant,163,0.9847875,Q86UK0_N237H,mutant,1024,169,0.89800745,0.9837617,sp|Q86UK0_MUT_N237H|ABCAC_HUMAN_N237H
Q86UK0,48,Q86UK0_W199C,mutant,163,0.9847875,Q86UK0_Q274R,mutant,1024,175,0.90436155,0.9828234,sp|Q86UK0_MUT_Q274R|ABCAC_HUMAN_Q274R
Q86UK0,48,Q86UK0_W199C,mutant,163,0.9847875,WT_Q86UK0_win_0_1024,wildtype,1024,184,0.9023756,0.98134905,sp|Q86UK0|ABCAC_HUMAN Glucosylceramide transporter ABCA12 OS=Homo sapiens OX=9606 GN=ABCA12 PE=1 SV=3
Q86UK0,48,Q86UK0_W199C,mutant,163,0.9847875,Q86UK0_S459T,mutant,1024,186,0.89930063,0.981191,sp|Q86UK0_MUT_S459T|ABCAC_HUMAN_S459T
Q86UK0,48,Q86UK0_W199C,mutant,163,0.9847875,Q86UK0_S387N,mutant,1024,191,0.9026253,0.9808028,sp|Q86UK0_MUT_S387N|ABCAC_HUMAN_S387N
Q86UK0,48,Q86UK0_W199C,mutant,163,0.9847875,Q86UK0_A476V,mutant,1024,192,0.9032685,0.98078686,sp|Q86UK0_MUT_A476V|ABCAC_HUMAN_A476V
Q86UK0,48,Q86UK0_W199C,mutant,163,0.9847875,Q86UK0_T345P,mutant,1024,204,0.9011408,0.98002243,sp|Q86UK0_MUT_T345P|ABCAC_HUMAN_T345P
Q86UK0,48,Q86UK0_W199C,mutant,163,0.9847875,Q86UK0_R287G,mutant,1024,205,0.90505564,0.9799985,sp|Q86UK0_MUT_R287G|ABCAC_HUMAN_R287G
Q86UK0,48,Q86UK0_W199C,mutant,163,0.9847875,Q86UK0_E550G,mutant,1024,294,0.941965,0.97213596,sp|Q86UK0_MUT_E550G|ABCAC_HUMAN_E550G
Q86UK0,48,Q86UK0_W199C,mutant,163,0.9847875,WT_Q86UK0_win_37_1061,wildtype,1024,309,0.9379868,0.9702323,sp|Q86UK0|ABCAC_HUMAN Glucosylceramide transporter ABCA12 OS=Homo sapiens OX=9606 GN=ABCA12 PE=1 SV=3
P31644,51,P31644_S413F,mutant,174,0.9828348,WT_P31644,wildtype,462,187,0.8845893,0.9810308,sp|P31644|GBRA5_HUMAN Gamma-aminobutyric acid receptor subunit alpha-5 OS=Homo sapiens OX=9606 GN=GABRA5 PE=1 SV=1
P31644,51,P31644_S413F,mutant,174,0.9828348,P31644_V294F,mutant,462,219,0.8852443,0.97935164,sp|P31644_MUT_V294F|GBRA5_HUMAN_V294F
P31644,51,P31644_S413F,mutant,174,0.9828348,P31644_V294L,mutant,462,229,0.8857151,0.9784936,sp|P31644_MUT_V294L|GBRA5_HUMAN_V294L
Q9HC29,54,Q9HC29_W157R,mutant,182,0.98242456,Q9HC29_A301V,mutant,1024,189,0.9206144,0.9809559,sp|Q9HC29_MUT_A301V|NOD2_HUMAN_A301V
Q9HC29,54,Q9HC29_W157R,mutant,182,0.98242456,Q9HC29_L248R,mutant,1024,190,0.92357385,0.98094165,sp|Q9HC29_MUT_L248R|NOD2_HUMAN_L248R
Q9HC29,54,Q9HC29_W157R,mutant,182,0.98242456,Q9HC29_A140T,mutant,1024,193,0.92223746,0.9807684,sp|Q9HC29_MUT_A140T|NOD2_HUMAN_A140T
Q9HC29,54,Q9HC29_W157R,mutant,182,0.98242456,Q9HC29_T294S,mutant,1024,194,0.9224704,0.98056257,sp|Q9HC29_MUT_T294S|NOD2_HUMAN_T294S
Q9HC29,54,Q9HC29_W157R,mutant,182,0.98242456,Q9HC29_M513T,mutant,1024,195,0.92762023,0.9804701,sp|Q9HC29_MUT_M513T|NOD2_HUMAN_M513T
Q9HC29,54,Q9HC29_W157R,mutant,182,0.98242456,Q9HC29_P268S,mutant,1024,196,0.92097986,0.98038155,sp|Q9HC29_MUT_P268S|NOD2_HUMAN_P268S
Q9HC29,54,Q9HC29_W157R,mutant,182,0.98242456,Q9HC29_D291N,mutant,1024,198,0.92281836,0.98027325,sp|Q9HC29_MUT_D291N|NOD2_HUMAN_D291N
Q9HC29,54,Q9HC29_W157R,mutant,182,0.98242456,Q9HC29_N289S,mutant,1024,199,0.92268926,0.98023385,sp|Q9HC29_MUT_N289S|NOD2_HUMAN_N289S
Q9HC29,54,Q9HC29_W157R,mutant,182,0.98242456,Q9HC29_W490L,mutant,1024,201,0.92516685,0.9801751,sp|Q9HC29_MUT_W490L|NOD2_HUMAN_W490L
Q9HC29,54,Q9HC29_W157R,mutant,182,0.98242456,Q9HC29_E383G,mutant,1024,202,0.92294884,0.980097,sp|Q9HC29_MUT_E383G|NOD2_HUMAN_E383G
Q9HC29,54,Q9HC29_W157R,mutant,182,0.98242456,Q9HC29_H352R,mutant,1024,203,0.9271516,0.9800725,sp|Q9HC29_MUT_H352R|NOD2_HUMAN_H352R
Q9HC29,54,Q9HC29_W157R,mutant,182,0.98242456,Q9HC29_R311W,mutant,1024,206,0.92305017,0.97983485,sp|Q9HC29_MUT_R311W|NOD2_HUMAN_R311W
Q9HC29,54,Q9HC29_W157R,mutant,182,0.98242456,Q9HC29_A432V,mutant,1024,207,0.921448,0.97978276,sp|Q9HC29_MUT_A432V|NOD2_HUMAN_A432V
Q9HC29,54,Q9HC29_W157R,mutant,182,0.98242456,Q9HC29_D113N,mutant,1024,208,0.92244583,0.9797279,sp|Q9HC29_MUT_D113N|NOD2_HUMAN_D113N
Q9HC29,54,Q9HC29_W157R,mutant,182,0.98242456,Q9HC29_E498D,mutant,1024,209,0.9223507,0.97971284,sp|Q9HC29_MUT_E498D|NOD2_HUMAN_E498D
Q9HC29,54,Q9HC29_W157R,mutant,182,0.98242456,Q9HC29_P507S,mutant,1024,210,0.92172015,0.9797009,sp|Q9HC29_MUT_P507S|NOD2_HUMAN_P507S
Q9HC29,54,Q9HC29_W157R,mutant,182,0.98242456,WT_Q9HC29_win_0_1024,wildtype,1024,211,0.92197067,0.9796785,sp|Q9HC29|NOD2_HUMAN Nucleotide-binding oligomerization domain-containing protein 2 OS=Homo sapiens OX=9606 GN=NOD2 PE=1 SV=1
Q9HC29,54,Q9HC29_W157R,mutant,182,0.98242456,Q9HC29_L469F,mutant,1024,212,0.92076325,0.97966605,sp|Q9HC29_MUT_L469F|NOD2_HUMAN_L469F
Q9HC29,54,Q9HC29_W157R,mutant,182,0.98242456,Q9HC29_G481D,mutant,1024,216,0.9219889,0.97941864,sp|Q9HC29_MUT_G481D|NOD2_HUMAN_G481D
Q9HC29,54,Q9HC29_W157R,mutant,182,0.98242456,Q9HC29_R334W,mutant,1024,218,0.9192152,0.9793794,sp|Q9HC29_MUT_R334W|NOD2_HUMAN_R334W
Q9HC29,54,Q9HC29_W157R,mutant,182,0.98242456,Q9HC29_N414S,mutant,1024,221,0.922378,0.9792007,sp|Q9HC29_MUT_N414S|NOD2_HUMAN_N414S
Q9HC29,54,Q9HC29_W157R,mutant,182,0.98242456,Q9HC29_L81V,mutant,1024,222,0.922495,0.9791311,sp|Q9HC29_MUT_L81V|NOD2_HUMAN_L81V
Q9HC29,54,Q9HC29_W157R,mutant,182,0.98242456,Q9HC29_P463A,mutant,1024,223,0.92340845,0.9790218,sp|Q9HC29_MUT_P463A|NOD2_HUMAN_P463A
Q9HC29,54,Q9HC29_W157R,mutant,182,0.98242456,Q9HC29_I363F,mutant,1024,224,0.92364466,0.9789588,sp|Q9HC29_MUT_I363F|NOD2_HUMAN_I363F
Q9HC29,54,Q9HC29_W157R,mutant,182,0.98242456,Q9HC29_L348V,mutant,1024,225,0.9210348,0.97860456,sp|Q9HC29_MUT_L348V|NOD2_HUMAN_L348V
Q9HC29,54,Q9HC29_W157R,mutant,182,0.98242456,Q9HC29_R391C,mutant,1024,227,0.92317593,0.97857726,sp|Q9HC29_MUT_R391C|NOD2_HUMAN_R391C
Q9HC29,54,Q9HC29_W157R,mutant,182,0.98242456,Q9HC29_H496L,mutant,1024,228,0.923779,0.9785048,sp|Q9HC29_MUT_H496L|NOD2_HUMAN_H496L
Q9HC29,54,Q9HC29_W157R,mutant,182,0.98242456,Q9HC29_D357A,mutant,1024,231,0.92617565,0.9782536,sp|Q9HC29_MUT_D357A|NOD2_HUMAN_D357A
Q9HC29,54,Q9HC29_W157R,mutant,182,0.98242456,Q9HC29_C495Y,mutant,1024,232,0.9189119,0.9782225,sp|Q9HC29_MUT_C495Y|NOD2_HUMAN_C495Y
Q9HC29,54,Q9HC29_W157R,mutant,182,0.98242456,Q9HC29_D382E,mutant,1024,233,0.9220665,0.97814536,sp|Q9HC29_MUT_D382E|NOD2_HUMAN_D382E
Q9HC29,54,Q9HC29_W157R,mutant,182,0.98242456,Q9HC29_G464W,mutant,1024,234,0.918744,0.97808766,sp|Q9HC29_MUT_G464W|NOD2_HUMAN_G464W
Q9HC29,54,Q9HC29_W157R,mutant,182,0.98242456,Q9HC29_T189M,mutant,1024,235,0.9205949,0.97799164,sp|Q9HC29_MUT_T189M|NOD2_HUMAN_T189M
Q9HC29,54,Q9HC29_W157R,mutant,182,0.98242456,Q9HC29_R471C,mutant,1024,237,0.9212247,0.97764814,sp|Q9HC29_MUT_R471C|NOD2_HUMAN_R471C
Q9HC29,54,Q9HC29_W157R,mutant,182,0.98242456,Q9HC29_R235C,mutant,1024,238,0.919975,0.9775339,sp|Q9HC29_MUT_R235C|NOD2_HUMAN_R235C
Q9HC29,54,Q9HC29_W157R,mutant,182,0.98242456,Q9HC29_R334Q,mutant,1024,239,0.9185735,0.9774145,sp|Q9HC29_MUT_R334Q|NOD2_HUMAN_R334Q
Q9HC29,54,Q9HC29_W157R,mutant,182,0.98242456,Q9HC29_S431L,mutant,1024,241,0.92349386,0.97732055,sp|Q9HC29_MUT_S431L|NOD2_HUMAN_S431L
Q9HC29,54,Q9HC29_W157R,mutant,182,0.98242456,Q9HC29_R373C,mutant,1024,243,0.9215234,0.97689635,sp|Q9HC29_MUT_R373C|NOD2_HUMAN_R373C
Q9HC29,54,Q9HC29_W157R,mutant,182,0.98242456,Q9HC29_N853S,mutant,1024,245,0.92095107,0.9765256,sp|Q9HC29_MUT_N853S|NOD2_HUMAN_N853S
Q9HC29,54,Q9HC29_W157R,mutant,182,0.98242456,Q9HC29_A725G,mutant,1024,246,0.9181163,0.97649175,sp|Q9HC29_MUT_A725G|NOD2_HUMAN_A725G
Q9HC29,54,Q9HC29_W157R,mutant,182,0.98242456,Q9HC29_M863V,mutant,1024,247,0.9222862,0.97642297,sp|Q9HC29_MUT_M863V|NOD2_HUMAN_M863V
Q9HC29,54,Q9HC29_W157R,mutant,182,0.98242456,Q9HC29_R703C,mutant,1024,250,0.9178832,0.9758763,sp|Q9HC29_MUT_R703C|NOD2_HUMAN_R703C
Q9HC29,54,Q9HC29_W157R,mutant,182,0.98242456,Q9HC29_A885T,mutant,1024,252,0.9187446,0.9756402,sp|Q9HC29_MUT_A885T|NOD2_HUMAN_A885T
Q9HC29,54,Q9HC29_W157R,mutant,182,0.98242456,Q9HC29_A612T,mutant,1024,253,0.9152761,0.9754193,sp|Q9HC29_MUT_A612T|NOD2_HUMAN_A612T
Q9HC29,54,Q9HC29_W157R,mutant,182,0.98242456,Q9HC29_A849V,mutant,1024,256,0.91645896,0.97518796,sp|Q9HC29_MUT_A849V|NOD2_HUMAN_A849V
Q9HC29,54,Q9HC29_W157R,mutant,182,0.98242456,Q9HC29_L550V,mutant,1024,258,0.91874915,0.9750217,sp|Q9HC29_MUT_L550V|NOD2_HUMAN_L550V
Q9HC29,54,Q9HC29_W157R,mutant,182,0.98242456,WT_Q9HC29_win_16_1040,wildtype,1024,259,0.91729283,0.9749508,sp|Q9HC29|NOD2_HUMAN Nucleotide-binding oligomerization domain-containing protein 2 OS=Homo sapiens OX=9606 GN=NOD2 PE=1 SV=1
Q9HC29,54,Q9HC29_W157R,mutant,182,0.98242456,Q9HC29_A755V,mutant,1024,260,0.91616094,0.9749468,sp|Q9HC29_MUT_A755V|NOD2_HUMAN_A755V
Q9HC29,54,Q9HC29_W157R,mutant,182,0.98242456,Q9HC29_R713H,mutant,1024,261,0.91505045,0.97489935,sp|Q9HC29_MUT_R713H|NOD2_HUMAN_R713H
Q9HC29,54,Q9HC29_W157R,mutant,182,0.98242456,Q9HC29_A612V,mutant,1024,263,0.9163896,0.9748071,sp|Q9HC29_MUT_A612V|NOD2_HUMAN_A612V
Q9HC29,54,Q9HC29_W157R,mutant,182,0.98242456,Q9HC29_T605P,mutant,1024,264,0.91998106,0.9747941,sp|Q9HC29_MUT_T605P|NOD2_HUMAN_T605P
Q9HC29,54,Q9HC29_W157R,mutant,182,0.98242456,Q9HC29_R702W,mutant,1024,265,0.9148271,0.9747863,sp|Q9HC29_MUT_R702W|NOD2_HUMAN_R702W
Q9HC29,54,Q9HC29_W157R,mutant,182,0.98242456,Q9HC29_N852S,mutant,1024,266,0.91727626,0.9745715,sp|Q9HC29_MUT_N852S|NOD2_HUMAN_N852S
Q9HC29,54,Q9HC29_W157R,mutant,182,0.98242456,Q9HC29_V955I,mutant,1024,267,0.9151268,0.97444963,sp|Q9HC29_MUT_V955I|NOD2_HUMAN_V955I
Q9HC29,54,Q9HC29_W157R,mutant,182,0.98242456,Q9HC29_G908R,mutant,1024,269,0.91875356,0.9743087,sp|Q9HC29_MUT_G908R|NOD2_HUMAN_G908R
Q9HC29,54,Q9HC29_W157R,mutant,182,0.98242456,Q9HC29_R713C,mutant,1024,270,0.91884243,0.9742896,sp|Q9HC29_MUT_R713C|NOD2_HUMAN_R713C
Q9HC29,54,Q9HC29_W157R,mutant,182,0.98242456,Q9HC29_R760C,mutant,1024,271,0.91815436,0.9741677,sp|Q9HC29_MUT_R760C|NOD2_HUMAN_R760C
Q9HC29,54,Q9HC29_W157R,mutant,182,0.98242456,Q9HC29_A918D,mutant,1024,272,0.9168876,0.974127,sp|Q9HC29_MUT_A918D|NOD2_HUMAN_A918D
Q9HC29,54,Q9HC29_W157R,mutant,182,0.98242456,Q9HC29_A758V,mutant,1024,274,0.91525126,0.9740002,sp|Q9HC29_MUT_A758V|NOD2_HUMAN_A758V
Q9HC29,54,Q9HC29_W157R,mutant,182,0.98242456,Q9HC29_G924D,mutant,1024,279,0.9156136,0.97383344,sp|Q9HC29_MUT_G924D|NOD2_HUMAN_G924D
Q9HC29,54,Q9HC29_W157R,mutant,182,0.98242456,Q9HC29_T605N,mutant,1024,282,0.91919255,0.97364795,sp|Q9HC29_MUT_T605N|NOD2_HUMAN_T605N
Q9HC29,54,Q9HC29_W157R,mutant,182,0.98242456,Q9HC29_R791W,mutant,1024,285,0.9135292,0.9731323,sp|Q9HC29_MUT_R791W|NOD2_HUMAN_R791W
Q9HC29,54,Q9HC29_W157R,mutant,182,0.98242456,Q9HC29_R790W,mutant,1024,286,0.9133098,0.9728822,sp|Q9HC29_MUT_R790W|NOD2_HUMAN_R790W
Q9HC29,54,Q9HC29_W157R,mutant,182,0.98242456,Q9HC29_V793M,mutant,1024,288,0.91295165,0.9725605,sp|Q9HC29_MUT_V793M|NOD2_HUMAN_V793M
Q9HC29,54,Q9HC29_W157R,mutant,182,0.98242456,Q9HC29_R587C,mutant,1024,289,0.9163499,0.9724548,sp|Q9HC29_MUT_R587C|NOD2_HUMAN_R587C
Q9HC29,54,Q9HC29_W157R,mutant,182,0.98242456,Q9HC29_R790Q,mutant,1024,297,0.9120151,0.9718364,sp|Q9HC29_MUT_R790Q|NOD2_HUMAN_R790Q
Q9HC29,54,Q9HC29_W157R,mutant,182,0.98242456,Q9HC29_R684W,mutant,1024,303,0.90943366,0.9706214,sp|Q9HC29_MUT_R684W|NOD2_HUMAN_R684W
P04264,57,P04264_L485P,mutant,226,0.97859657,P04264_Y482C,mutant,644,240,0.91749847,0.9773597,sp|P04264_MUT_Y482C|K2C1_HUMAN_Y482C
P04264,57,P04264_L485P,mutant,226,0.97859657,P04264_S193P,mutant,644,242,0.91762435,0.97716707,sp|P04264_MUT_S193P|K2C1_HUMAN_S193P
P04264,57,P04264_L485P,mutant,226,0.97859657,P04264_A454S,mutant,644,244,0.9158532,0.97682846,sp|P04264_MUT_A454S|K2C1_HUMAN_A454S
P04264,57,P04264_L485P,mutant,226,0.97859657,P04264_A436D,mutant,644,248,0.91538954,0.9761202,sp|P04264_MUT_A436D|K2C1_HUMAN_A436D
P04264,57,P04264_L485P,mutant,226,0.97859657,P04264_I312V,mutant,644,251,0.9146031,0.97576344,sp|P04264_MUT_I312V|K2C1_HUMAN_I312V
P04264,57,P04264_L485P,mutant,226,0.97859657,P04264_I330T,mutant,644,254,0.9125984,0.9754007,sp|P04264_MUT_I330T|K2C1_HUMAN_I330T
P04264,57,P04264_L485P,mutant,226,0.97859657,P04264_V155G,mutant,644,257,0.91345507,0.975065,sp|P04264_MUT_V155G|K2C1_HUMAN_V155G
P04264,57,P04264_L485P,mutant,226,0.97859657,P04264_G537C,mutant,644,268,0.91192,0.9743927,sp|P04264_MUT_G537C|K2C1_HUMAN_G537C
P04264,57,P04264_L485P,mutant,226,0.97859657,WT_P04264,wildtype,644,273,0.91403526,0.97401446,"sp|P04264|K2C1_HUMAN Keratin, type II cytoskeletal 1 OS=Homo sapiens OX=9606 GN=KRT1 PE=1 SV=6"
P04264,57,P04264_L485P,mutant,226,0.97859657,P04264_L214P,mutant,644,275,0.916917,0.97398835,sp|P04264_MUT_L214P|K2C1_HUMAN_L214P
P04264,57,P04264_L485P,mutant,226,0.97859657,P04264_V155D,mutant,644,278,0.91245127,0.97387546,sp|P04264_MUT_V155D|K2C1_HUMAN_V155D
P04264,57,P04264_L485P,mutant,226,0.97859657,P04264_L161P,mutant,644,280,0.90866274,0.97371644,sp|P04264_MUT_L161P|K2C1_HUMAN_L161P
P04264,57,P04264_L485P,mutant,226,0.97859657,P04264_N188S,mutant,644,283,0.90859735,0.9731767,sp|P04264_MUT_N188S|K2C1_HUMAN_N188S
P04264,57,P04264_L485P,mutant,226,0.97859657,P04264_L486P,mutant,644,284,0.90602046,0.973175,sp|P04264_MUT_L486P|K2C1_HUMAN_L486P
P04264,57,P04264_L485P,mutant,226,0.97859657,P04264_D340V,mutant,644,292,0.91228825,0.972252,sp|P04264_MUT_D340V|K2C1_HUMAN_D340V
P04264,57,P04264_L485P,mutant,226,0.97859657,P04264_N188T,mutant,644,293,0.90643585,0.97214746,sp|P04264_MUT_N188T|K2C1_HUMAN_N188T
P04264,57,P04264_L485P,mutant,226,0.97859657,P04264_I479F,mutant,644,298,0.9049165,0.9711454,sp|P04264_MUT_I479F|K2C1_HUMAN_I479F
P04264,57,P04264_L485P,mutant,226,0.97859657,P04264_E478Q,mutant,644,299,0.9123499,0.97100866,sp|P04264_MUT_E478Q|K2C1_HUMAN_E478Q
P04264,57,P04264_L485P,mutant,226,0.97859657,P04264_E490Q,mutant,644,302,0.90819484,0.97075945,sp|P04264_MUT_E490Q|K2C1_HUMAN_E490Q
P04264,57,P04264_L485P,mutant,226,0.97859657,P04264_S186P,mutant,644,307,0.9080645,0.9704671,sp|P04264_MUT_S186P|K2C1_HUMAN_S186P
P04264,57,P04264_L485P,mutant,226,0.97859657,P04264_I479T,mutant,644,310,0.9004269,0.9700788,sp|P04264_MUT_I479T|K2C1_HUMAN_I479T
P04264,57,P04264_L485P,mutant,226,0.97859657,P04264_Y358N,mutant,644,317,0.8990421,0.96642995,sp|P04264_MUT_Y358N|K2C1_HUMAN_Y358N
Q5VYY1,61,Q5VYY1_Y79H,mutant,290,0.97244745,Q5VYY1_Q148P,mutant,191,301,0.9278556,0.9707897,sp|Q5VYY1_MUT_Q148P|ANR22_HUMAN_Q148P
Q5VYY1,61,Q5VYY1_Y79H,mutant,290,0.97244745,Q5VYY1_E73G,mutant,191,312,0.92342716,0.9695668,sp|Q5VYY1_MUT_E73G|ANR22_HUMAN_E73G
Q5VYY1,61,Q5VYY1_Y79H,mutant,290,0.97244745,WT_Q5VYY1,wildtype,191,319,0.93212825,0.9663957,sp|Q5VYY1|ANR22_HUMAN Ankyrin repeat domain-containing protein 22 OS=Homo sapiens OX=9606 GN=ANKRD22 PE=1 SV=1
Q5VYY1,61,Q5VYY1_Y79H,mutant,290,0.97244745,Q5VYY1_R177I,mutant,191,351,0.947089,0.95408857,sp|Q5VYY1_MUT_R177I|ANR22_HUMAN_R177I
Q9Y239,62,Q9Y239_A610T,mutant,291,0.97229934,Q9Y239_R447H,mutant,953,300,0.87489957,0.9708002,sp|Q9Y239_MUT_R447H|NOD1_HUMAN_R447H
Q9Y239,62,Q9Y239_A610T,mutant,291,0.97229934,WT_Q9Y239,wildtype,953,305,0.8803505,0.9705531,sp|Q9Y239|NOD1_HUMAN Nucleotide-binding oligomerization domain-containing protein 1 OS=Homo sapiens OX=9606 GN=NOD1 PE=1 SV=1
Q9Y239,62,Q9Y239_A610T,mutant,291,0.97229934,Q9Y239_D372N,mutant,953,306,0.8792907,0.97053033,sp|Q9Y239_MUT_D372N|NOD1_HUMAN_D372N
Q9Y239,62,Q9Y239_A610T,mutant,291,0.97229934,Q9Y239_R605W,mutant,953,311,0.8767645,0.96969426,sp|Q9Y239_MUT_R605W|NOD1_HUMAN_R605W
Q9GZU5,63,Q9GZU5_P170R,mutant,296,0.9720277,Q9GZU5_A401G,mutant,476,315,0.90740615,0.96809846,sp|Q9GZU5_MUT_A401G|NYX_HUMAN_A401G
Q9GZU5,63,Q9GZU5_P170R,mutant,296,0.9720277,Q9GZU5_L302P,mutant,476,323,0.8964971,0.9623061,sp|Q9GZU5_MUT_L302P|NYX_HUMAN_L302P
Q9GZU5,63,Q9GZU5_P170R,mutant,296,0.9720277,Q9GZU5_C26S,mutant,476,325,0.8919941,0.96036285,sp|Q9GZU5_MUT_C26S|NYX_HUMAN_C26S
Q9GZU5,63,Q9GZU5_P170R,mutant,296,0.9720277,Q9GZU5_N307S,mutant,476,327,0.89318997,0.959435,sp|Q9GZU5_MUT_N307S|NYX_HUMAN_N307S
Q9GZU5,63,Q9GZU5_P170R,mutant,296,0.9720277,Q9GZU5_L179P,mutant,476,329,0.8832951,0.95924455,sp|Q9GZU5_MUT_L179P|NYX_HUMAN_L179P
Q9GZU5,63,Q9GZU5_P170R,mutant,296,0.9720277,WT_Q9GZU5,wildtype,476,330,0.89709973,0.95918906,sp|Q9GZU5|NYX_HUMAN Nyctalopin OS=Homo sapiens OX=9606 GN=NYX PE=1 SV=2
Q9GZU5,63,Q9GZU5_P170R,mutant,296,0.9720277,Q9GZU5_P146L,mutant,476,331,0.89488506,0.95877576,sp|Q9GZU5_MUT_P146L|NYX_HUMAN_P146L
Q9GZU5,63,Q9GZU5_P170R,mutant,296,0.9720277,Q9GZU5_A138P,mutant,476,334,0.8932388,0.9578241,sp|Q9GZU5_MUT_A138P|NYX_HUMAN_A138P
Q9GZU5,63,Q9GZU5_P170R,mutant,296,0.9720277,Q9GZU5_L280P,mutant,476,335,0.8970977,0.9576787,sp|Q9GZU5_MUT_L280P|NYX_HUMAN_L280P
Q9GZU5,63,Q9GZU5_P170R,mutant,296,0.9720277,Q9GZU5_L342P,mutant,476,338,0.878718,0.95684594,sp|Q9GZU5_MUT_L342P|NYX_HUMAN_L342P
Q9GZU5,63,Q9GZU5_P170R,mutant,296,0.9720277,Q9GZU5_N211S,mutant,476,339,0.8899991,0.95661646,sp|Q9GZU5_MUT_N211S|NYX_HUMAN_N211S
Q9GZU5,63,Q9GZU5_P170R,mutant,296,0.9720277,Q9GZU5_F293S,mutant,476,341,0.8883174,0.9563303,sp|Q9GZU5_MUT_F293S|NYX_HUMAN_F293S
Q9GZU5,63,Q9GZU5_P170R,mutant,296,0.9720277,Q9GZU5_L208Q,mutant,476,342,0.8925548,0.95619994,sp|Q9GZU5_MUT_L208Q|NYX_HUMAN_L208Q
Q9GZU5,63,Q9GZU5_P170R,mutant,296,0.9720277,Q9GZU5_L227P,mutant,476,345,0.88115424,0.9553009,sp|Q9GZU5_MUT_L227P|NYX_HUMAN_L227P
Q9GZU5,63,Q9GZU5_P170R,mutant,296,0.9720277,Q9GZU5_G365V,mutant,476,346,0.8937538,0.95509315,sp|Q9GZU5_MUT_G365V|NYX_HUMAN_G365V
Q969X5,64,Q969X5_V98E,mutant,304,0.9706157,WT_Q969X5,wildtype,290,320,0.929056,0.9663842,sp|Q969X5|ERGI1_HUMAN Endoplasmic reticulum-Golgi intermediate compartment protein 1 OS=Homo sapiens OX=9606 GN=ERGIC1 PE=1 SV=1
Q6UWL6,65,Q6UWL6_A170T,mutant,313,0.9693672,WT_Q6UWL6,wildtype,708,316,0.86777145,0.9670313,sp|Q6UWL6|KIRR2_HUMAN Kin of IRRE-like protein 2 OS=Homo sapiens OX=9606 GN=KIRREL2 PE=1 SV=3
Q6UWL6,65,Q6UWL6_A170T,mutant,313,0.9693672,Q6UWL6_S556N,mutant,708,318,0.8709228,0.9664049,sp|Q6UWL6_MUT_S556N|KIRR2_HUMAN_S556N
Q6UWL6,65,Q6UWL6_A170T,mutant,313,0.9693672,Q6UWL6_V353M,mutant,708,321,0.859243,0.96613187,sp|Q6UWL6_MUT_V353M|KIRR2_HUMAN_V353M
Q6UWL6,65,Q6UWL6_A170T,mutant,313,0.9693672,Q6UWL6_R19S,mutant,708,322,0.8618651,0.96473545,sp|Q6UWL6_MUT_R19S|KIRR2_HUMAN_R19S
P06729,69,WT_P06729,wildtype,328,0.959355,P06729_C217Y,mutant,351,348,0.8480294,0.95445144,sp|P06729_MUT_C217Y|CD2_HUMAN_C217Y
P06729,69,WT_P06729,wildtype,328,0.959355,P06729_H266Q,mutant,351,349,0.8470497,0.9541173,sp|P06729_MUT_H266Q|CD2_HUMAN_H266Q
P06729,69,WT_P06729,wildtype,328,0.959355,P06729_H339N,mutant,351,355,0.8499111,0.9523752,sp|P06729_MUT_H339N|CD2_HUMAN_H339N
Q8NET6,72,Q8NET6_P146S,mutant,337,0.9575606,Q8NET6_A271V,mutant,341,344,0.8996528,0.9554773,sp|Q8NET6_MUT_A271V|CHSTD_HUMAN_A271V
Q8NET6,72,Q8NET6_P146S,mutant,337,0.9575606,WT_Q8NET6,wildtype,341,350,0.9002029,0.9541108,sp|Q8NET6|CHSTD_HUMAN Carbohydrate sulfotransferase 13 OS=Homo sapiens OX=9606 GN=CHST13 PE=1 SV=1
Q8NET6,72,Q8NET6_P146S,mutant,337,0.9575606,Q8NET6_R317Q,mutant,341,366,0.89039904,0.9464212,sp|Q8NET6_MUT_R317Q|CHSTD_HUMAN_R317Q
O75462,73,O75462_R312P,mutant,343,0.955679,O75462_L374R,mutant,422,356,0.9053182,0.95153326,sp|O75462_MUT_L374R|CRLF1_HUMAN_L374R
O75462,73,O75462_R312P,mutant,343,0.955679,O75462_Y75D,mutant,422,363,0.90228146,0.9486873,sp|O75462_MUT_Y75D|CRLF1_HUMAN_Y75D
O75462,73,O75462_R312P,mutant,343,0.955679,O75462_S145P,mutant,422,371,0.9014629,0.9431316,sp|O75462_MUT_S145P|CRLF1_HUMAN_S145P
O75462,73,O75462_R312P,mutant,343,0.955679,O75462_L114P,mutant,422,372,0.9012942,0.94199103,sp|O75462_MUT_L114P|CRLF1_HUMAN_L114P
O75462,73,O75462_R312P,mutant,343,0.955679,O75462_L74P,mutant,422,374,0.8978886,0.9415589,sp|O75462_MUT_L74P|CRLF1_HUMAN_L74P
O75462,73,O75462_R312P,mutant,343,0.955679,WT_O75462,wildtype,422,377,0.8978771,0.94091696,sp|O75462|CRLF1_HUMAN Cytokine receptor-like factor 1 OS=Homo sapiens OX=9606 GN=CRLF1 PE=1 SV=1
O75462,73,O75462_R312P,mutant,343,0.955679,O75462_W76G,mutant,422,384,0.90672606,0.93856,sp|O75462_MUT_W76G|CRLF1_HUMAN_W76G
O75462,73,O75462_R312P,mutant,343,0.955679,O75462_R81H,mutant,422,386,0.8918192,0.93788946,sp|O75462_MUT_R81H|CRLF1_HUMAN_R81H
O75462,73,O75462_R312P,mutant,343,0.955679,O75462_R216C,mutant,422,387,0.88822967,0.93756616,sp|O75462_MUT_R216C|CRLF1_HUMAN_R216C
O75462,73,O75462_R312P,mutant,343,0.955679,O75462_F268S,mutant,422,389,0.89405084,0.93724644,sp|O75462_MUT_F268S|CRLF1_HUMAN_F268S
O75462,73,O75462_R312P,mutant,343,0.955679,O75462_W284C,mutant,422,392,0.89702654,0.93329597,sp|O75462_MUT_W284C|CRLF1_HUMAN_W284C
O75462,73,O75462_R312P,mutant,343,0.955679,O75462_P138L,mutant,422,393,0.88796324,0.9327889,sp|O75462_MUT_P138L|CRLF1_HUMAN_P138L
O75462,73,O75462_R312P,mutant,343,0.955679,O75462_R340C,mutant,422,399,0.8944103,0.92725694,sp|O75462_MUT_R340C|CRLF1_HUMAN_R340C
O75462,73,O75462_R312P,mutant,343,0.955679,O75462_N113I,mutant,422,402,0.8727811,0.92624456,sp|O75462_MUT_N113I|CRLF1_HUMAN_N113I
Q6PJG9,74,WT_Q6PJG9,wildtype,353,0.95298225,Q6PJG9_V340A,mutant,635,360,0.98123276,0.9496494,sp|Q6PJG9_MUT_V340A|LRFN4_HUMAN_V340A
O00526,75,O00526_T160M,mutant,354,0.9529176,O00526_A47S,mutant,184,361,0.8954936,0.94901794,sp|O00526_MUT_A47S|UPK2_HUMAN_A47S
O00526,75,O00526_T160M,mutant,354,0.9529176,WT_O00526,wildtype,184,364,0.9018415,0.946931,sp|O00526|UPK2_HUMAN Uroplakin-2 OS=Homo sapiens OX=9606 GN=UPK2 PE=1 SV=2
P35346,77,P35346_R234C,mutant,359,0.950901,P35346_P109S,mutant,364,368,0.84879345,0.9457235,sp|P35346_MUT_P109S|SSR5_HUMAN_P109S
P35346,77,P35346_R234C,mutant,359,0.950901,P35346_A52V,mutant,364,370,0.8462318,0.94475937,sp|P35346_MUT_A52V|SSR5_HUMAN_A52V
P35346,77,P35346_R234C,mutant,359,0.950901,P35346_G357R,mutant,364,380,0.841158,0.9404015,sp|P35346_MUT_G357R|SSR5_HUMAN_G357R
P35346,77,P35346_R234C,mutant,359,0.950901,WT_P35346,wildtype,364,381,0.84281087,0.94032305,sp|P35346|SSR5_HUMAN Somatostatin receptor type 5 OS=Homo sapiens OX=9606 GN=SSTR5 PE=1 SV=3
P35346,77,P35346_R234C,mutant,359,0.950901,P35346_G37R,mutant,364,385,0.846372,0.93796504,sp|P35346_MUT_G37R|SSR5_HUMAN_G37R
P35346,77,P35346_R234C,mutant,359,0.950901,P35346_P335L,mutant,364,390,0.85370135,0.9359757,sp|P35346_MUT_P335L|SSR5_HUMAN_P335L
Q4ZHG4,78,Q4ZHG4_Q1003E,mutant,365,0.9469218,WT_Q4ZHG4_win_490_1514,wildtype,1024,375,0.90977365,0.941196,sp|Q4ZHG4|FNDC1_HUMAN Fibronectin type III domain-containing protein 1 OS=Homo sapiens OX=9606 GN=FNDC1 PE=1 SV=4
Q8IYX1,79,Q8IYX1_R113Q,mutant,367,0.94614184,WT_Q8IYX1,wildtype,336,369,0.84285474,0.9456156,sp|Q8IYX1|TBC21_HUMAN TBC1 domain family member 21 OS=Homo sapiens OX=9606 GN=TBC1D21 PE=1 SV=1
Q5M775,80,WT_Q5M775_win_44_1068,wildtype,373,0.94162905,Q5M775_D769N,mutant,1024,383,0.87882465,0.93863404,sp|Q5M775_MUT_D769N|CYTSB_HUMAN_D769N
Q5M775,80,WT_Q5M775_win_44_1068,wildtype,373,0.94162905,WT_Q5M775_win_0_1024,wildtype,1024,396,0.90838397,0.9286181,sp|Q5M775|CYTSB_HUMAN Cytospin-B OS=Homo sapiens OX=9606 GN=SPECC1 PE=1 SV=1
Q5M775,80,WT_Q5M775_win_44_1068,wildtype,373,0.94162905,Q5M775_S274R,mutant,1024,397,0.91002214,0.9282016,sp|Q5M775_MUT_S274R|CYTSB_HUMAN_S274R
Q5M775,80,WT_Q5M775_win_44_1068,wildtype,373,0.94162905,Q5M775_M293L,mutant,1024,400,0.914002,0.9269854,sp|Q5M775_MUT_M293L|CYTSB_HUMAN_M293L
Q8WVP5,81,WT_Q8WVP5,wildtype,376,0.94094145,Q8WVP5_A118V,mutant,186,405,0.9027922,0.92417204,sp|Q8WVP5_MUT_A118V|TP8L1_HUMAN_A118V
Q6P050,82,Q6P050_V115L,mutant,378,0.9408683,WT_Q6P050,wildtype,231,379,0.8628218,0.9407765,sp|Q6P050|FXL22_HUMAN F-box and leucine-rich protein 22 OS=Homo sapiens OX=9606 GN=FBXL22 PE=1 SV=3
A4D2B0,83,A4D2B0_H114N,mutant,382,0.93867964,A4D2B0_P79H,mutant,266,404,0.9252196,0.925518,sp|A4D2B0_MUT_P79H|MBLC1_HUMAN_P79H
A4D2B0,83,A4D2B0_H114N,mutant,382,0.93867964,WT_A4D2B0,wildtype,266,406,0.9255482,0.9229884,sp|A4D2B0|MBLC1_HUMAN Metallo-beta-lactamase domain-containing protein 1 OS=Homo sapiens OX=9606 GN=MBLAC1 PE=1 SV=1
Q9NV35,86,Q9NV35_V18I,mutant,394,0.932072,WT_Q9NV35,wildtype,164,422,0.88205427,0.9126667,sp|Q9NV35|NUD15_HUMAN Nucleotide triphosphate diphosphatase NUDT15 OS=Homo sapiens OX=9606 GN=NUDT15 PE=1 SV=1
Q9NV35,86,Q9NV35_V18I,mutant,394,0.932072,Q9NV35_R139H,mutant,164,441,0.85546774,0.86058533,sp|Q9NV35_MUT_R139H|NUD15_HUMAN_R139H
Q8NES3,87,Q8NES3_D201N,mutant,395,0.9301468,WT_Q8NES3,wildtype,379,401,0.96655744,0.9263991,"sp|Q8NES3|LFNG_HUMAN Beta-1,3-N-acetylglucosaminyltransferase lunatic fringe OS=Homo sapiens OX=9606 GN=LFNG PE=1 SV=2"
Q8NES3,87,Q8NES3_D201N,mutant,395,0.9301468,Q8NES3_V346M,mutant,379,412,0.961845,0.9186067,sp|Q8NES3_MUT_V346M|LFNG_HUMAN_V346M
Q8NES3,87,Q8NES3_D201N,mutant,395,0.9301468,Q8NES3_F188L,mutant,379,418,0.9631489,0.91427916,sp|Q8NES3_MUT_F188L|LFNG_HUMAN_F188L
Q8NES3,87,Q8NES3_D201N,mutant,395,0.9301468,Q8NES3_G38R,mutant,379,419,0.96533257,0.91339105,sp|Q8NES3_MUT_G38R|LFNG_HUMAN_G38R
O43852,88,O43852_R4Q,mutant,398,0.9274546,WT_O43852,wildtype,315,403,0.8574101,0.9259894,sp|O43852|CALU_HUMAN Calumenin OS=Homo sapiens OX=9606 GN=CALU PE=1 SV=2
A8MPS7,89,WT_A8MPS7,wildtype,407,0.92198735,A8MPS7_A263T,mutant,323,410,0.96222764,0.9191338,sp|A8MPS7_MUT_A263T|YDJC_HUMAN_A263T
Q96Q15,90,WT_Q96Q15_win_2376_3400,wildtype,408,0.9219115,Q96Q15_G2889S,mutant,1024,409,0.8759275,0.9215578,sp|Q96Q15_MUT_G2889S|SMG1_HUMAN_G2889S
Q96Q15,90,WT_Q96Q15_win_2376_3400,wildtype,408,0.9219115,Q96Q15_P2899A,mutant,1024,436,0.87715566,0.873334,sp|Q96Q15_MUT_P2899A|SMG1_HUMAN_P2899A
Q96Q15,90,WT_Q96Q15_win_2376_3400,wildtype,408,0.9219115,WT_Q96Q15_win_2386_3410,wildtype,1024,439,0.86051214,0.86628103,sp|Q96Q15|SMG1_HUMAN Serine/threonine-protein kinase SMG1 OS=Homo sapiens OX=9606 GN=SMG1 PE=1 SV=3
Q86UT6,91,Q86UT6_P63S,mutant,411,0.91912144,Q86UT6_A843S,mutant,975,414,0.8851349,0.9171108,sp|Q86UT6_MUT_A843S|NLRX1_HUMAN_A843S
Q86UT6,91,Q86UT6_P63S,mutant,411,0.91912144,Q86UT6_A793E,mutant,975,415,0.8824661,0.9170069,sp|Q86UT6_MUT_A793E|NLRX1_HUMAN_A793E
Q86UT6,91,Q86UT6_P63S,mutant,411,0.91912144,WT_Q86UT6,wildtype,975,417,0.88637125,0.9145667,sp|Q86UT6|NLRX1_HUMAN NLR family member X1 OS=Homo sapiens OX=9606 GN=NLRX1 PE=1 SV=1
Q86UT6,91,Q86UT6_P63S,mutant,411,0.91912144,Q86UT6_R125L,mutant,975,420,0.88235563,0.91326284,sp|Q86UT6_MUT_R125L|NLRX1_HUMAN_R125L
P56373,92,WT_P56373,wildtype,413,0.9176863,P56373_A383V,mutant,397,424,0.8701548,0.90784407,sp|P56373_MUT_A383V|P2RX3_HUMAN_A383V
Q15722,93,WT_Q15722,wildtype,416,0.9147943,Q15722_L346F,mutant,352,421,0.8424955,0.9127087,sp|Q15722_MUT_L346F|LT4R1_HUMAN_L346F
Q8NAB2,94,WT_Q8NAB2,wildtype,423,0.9110254,Q8NAB2_M193V,mutant,612,425,0.86717725,0.9067587,sp|Q8NAB2_MUT_M193V|KBTB3_HUMAN_M193V
P41247,95,P41247_V48G,mutant,426,0.9036434,P41247_D134G,mutant,253,432,0.8998811,0.8851982,sp|P41247_MUT_D134G|PLPL4_HUMAN_D134G
P41247,95,P41247_V48G,mutant,426,0.9036434,P41247_V113I,mutant,253,470,0.865811,0.81456417,sp|P41247_MUT_V113I|PLPL4_HUMAN_V113I
P41247,95,P41247_V48G,mutant,426,0.9036434,WT_P41247,wildtype,253,481,0.86364436,0.7963712,sp|P41247|PLPL4_HUMAN Patatin-like phospholipase domain-containing protein 4 OS=Homo sapiens OX=9606 GN=PNPLA4 PE=1 SV=3
P41247,95,P41247_V48G,mutant,426,0.9036434,P41247_R187Q,mutant,253,485,0.85733753,0.7855371,sp|P41247_MUT_R187Q|PLPL4_HUMAN_R187Q
Q96B97,99,WT_Q96B97,wildtype,430,0.8911585,Q96B97_P382L,mutant,665,433,0.94101936,0.88467515,sp|Q96B97_MUT_P382L|SH3K1_HUMAN_P382L
O94822,100,O94822_V761I,mutant,431,0.88865167,WT_O94822_win_248_1272,wildtype,1024,434,0.9033042,0.87938756,sp|O94822|LTN1_HUMAN E3 ubiquitin-protein ligase listerin OS=Homo sapiens OX=9606 GN=LTN1 PE=1 SV=6
